canteen_id,date,position,name,dish_type,prices_json,labels_json,source_url,last_update
mensa-arcisstr,2026-06-15,0,"Teigtaschen mit Spargel-Käsefüllung , dazu Kräutersauce",Pasta,"{""students"":{""base_price"":0,""price_per_unit"":0.9,""unit"":""100g""},""staff"":{""base_price"":0,""price_per_unit"":1.15,""unit"":""100g""},""guests"":{""base_price"":0,""price_per_unit"":1.6,""unit"":""100g""}}","[""CEREAL"",""CHICKEN_EGGS"",""GARLIC"",""GLUTEN"",""LACTOSE"",""MILK"",""VEGETARIAN"",""WHEAT""]",https://tum-dev.github.io/eat-api/#!/de/mensa-arcisstr,2026-06-15
mensa-arcisstr,2026-06-15,1,Pizza Funghi mit frischen Champignons,Pizza,"{""students"":{""base_price"":4.5,""price_per_unit"":0.0,""unit"":""100g""},""staff"":{""base_price"":5.0,""price_per_unit"":0.0,""unit"":""100g""},""guests"":{""base_price"":6.0,""price_per_unit"":0.0,""unit"":""100g""}}","[""BARLEY"",""CEREAL"",""GLUTEN"",""LACTOSE"",""MILK"",""SOY"",""VEGETARIAN"",""WHEAT""]",https://tum-dev.github.io/eat-api/#!/de/mensa-arcisstr,2026-06-15
mensa-arcisstr,2026-06-15,2,Fleischpflanzerl (1 Stück) mit Kümmelsauce,Grill,"{""students"":{""base_price"":1.0,""price_per_unit"":0.9,""unit"":""100g""},""staff"":{""base_price"":1.0,""price_per_unit"":1.15,""unit"":""100g""},""guests"":{""base_price"":1.0,""price_per_unit"":1.6,""unit"":""100g""}}","[""BEEF"",""CEREAL"",""CHICKEN_EGGS"",""GARLIC"",""GLUTEN"",""MEAT"",""MUSTARD"",""PORK"",""WHEAT""]",https://tum-dev.github.io/eat-api/#!/de/mensa-arcisstr,2026-06-15
mensa-arcisstr,2026-06-15,3,Leberkäse,Grill,"{""students"":{""base_price"":1.0,""price_per_unit"":0.9,""unit"":""100g""},""staff"":{""base_price"":1.0,""price_per_unit"":1.15,""unit"":""100g""},""guests"":{""base_price"":1.0,""price_per_unit"":1.6,""unit"":""100g""}}","[""ANTIOXIDANTS"",""BEEF"",""MEAT"",""MUSTARD"",""PHOSPHATES"",""PORK"",""PRESERVATIVES""]",https://tum-dev.github.io/eat-api/#!/de/mensa-arcisstr,2026-06-15
mensa-arcisstr,2026-06-15,4,Veganes Nasi Goreng mit Sprossen,Wok,"{""students"":{""base_price"":0,""price_per_unit"":0.9,""unit"":""100g""},""staff"":{""base_price"":0,""price_per_unit"":1.15,""unit"":""100g""},""guests"":{""base_price"":0,""price_per_unit"":1.6,""unit"":""100g""}}","[""CELERY"",""CEREAL"",""GLUTEN"",""PRESERVATIVES"",""SOY"",""VEGAN"",""VEGETARIAN"",""WHEAT""]",https://tum-dev.github.io/eat-api/#!/de/mensa-arcisstr,2026-06-15
mensa-arcisstr,2026-06-15,5,Blumenkohl-Kartoffel-Curry,Studitopf,"{""students"":{""base_price"":0,""price_per_unit"":0.33,""unit"":""100g""},""staff"":{""base_price"":0,""price_per_unit"":1.15,""unit"":""100g""},""guests"":{""base_price"":0,""price_per_unit"":1.6,""unit"":""100g""}}","[""CELERY"",""GARLIC"",""VEGAN"",""VEGETARIAN""]",https://tum-dev.github.io/eat-api/#!/de/mensa-arcisstr,2026-06-15
mensa-arcisstr,2026-06-15,6,Hähnchenknusperfilet (1 Stück) mit Mango-Chili-Dip,Fleisch,"{""students"":{""base_price"":1.0,""price_per_unit"":0.9,""unit"":""100g""},""staff"":{""base_price"":1.0,""price_per_unit"":1.15,""unit"":""100g""},""guests"":{""base_price"":1.0,""price_per_unit"":1.6,""unit"":""100g""}}","[""BARLEY"",""CELERY"",""CEREAL"",""CHICKEN_EGGS"",""DYESTUFF"",""GLUTEN"",""LACTOSE"",""MEAT"",""MILK"",""MUSTARD"",""PRESERVATIVES"",""SWEETENERS"",""WHEAT""]",https://tum-dev.github.io/eat-api/#!/de/mensa-arcisstr,2026-06-15
mensa-arcisstr,2026-06-15,7,Rougaille (Soja in würziger Tomatensauce),Vegan,"{""students"":{""base_price"":0,""price_per_unit"":0.9,""unit"":""100g""},""staff"":{""base_price"":0,""price_per_unit"":1.15,""unit"":""100g""},""guests"":{""base_price"":0,""price_per_unit"":1.6,""unit"":""100g""}}","[""GARLIC"",""MUSTARD"",""SOY"",""VEGAN"",""VEGETARIAN""]",https://tum-dev.github.io/eat-api/#!/de/mensa-arcisstr,2026-06-15
mensa-arcisstr,2026-06-15,8,Leberspätzlesuppe,"Tagessupe, Brot, Obst","{""students"":{""base_price"":1.0,""price_per_unit"":0.9,""unit"":""100g""},""staff"":{""base_price"":1.0,""price_per_unit"":1.15,""unit"":""100g""},""guests"":{""base_price"":1.0,""price_per_unit"":1.6,""unit"":""100g""}}","[""CELERY"",""CEREAL"",""CHICKEN_EGGS"",""GLUTEN"",""MEAT"",""PORK"",""WHEAT""]",https://tum-dev.github.io/eat-api/#!/de/mensa-arcisstr,2026-06-15
mensa-arcisstr,2026-06-15,9,Tagessuppe,"Tagessupe, Brot, Obst","{""students"":{""base_price"":1.0,""price_per_unit"":0.9,""unit"":""100g""},""staff"":{""base_price"":1.0,""price_per_unit"":1.15,""unit"":""100g""},""guests"":{""base_price"":1.0,""price_per_unit"":1.6,""unit"":""100g""}}","[""MEAT""]",https://tum-dev.github.io/eat-api/#!/de/mensa-arcisstr,2026-06-15
mensa-arcisstr,2026-06-15,10,Pudding Vanillegeschmack mit Blaubeersauce,Dessert (Glas),"{""students"":{""base_price"":0,""price_per_unit"":0.9,""unit"":""100g""},""staff"":{""base_price"":0,""price_per_unit"":1.15,""unit"":""100g""},""guests"":{""base_price"":0,""price_per_unit"":1.6,""unit"":""100g""}}","[""LACTOSE"",""MILK"",""VEGETARIAN""]",https://tum-dev.github.io/eat-api/#!/de/mensa-arcisstr,2026-06-15
mensa-arcisstr,2026-06-16,0,Pasta mit mediterraner Gemüsesauce,Pasta,"{""students"":{""base_price"":0,""price_per_unit"":0.9,""unit"":""100g""},""staff"":{""base_price"":0,""price_per_unit"":1.15,""unit"":""100g""},""guests"":{""base_price"":0,""price_per_unit"":1.6,""unit"":""100g""}}","[""CEREAL"",""GLUTEN"",""VEGAN"",""VEGETARIAN"",""WHEAT""]",https://tum-dev.github.io/eat-api/#!/de/mensa-arcisstr,2026-06-15
mensa-arcisstr,2026-06-16,1,"Westerpizza mit Mais, Bohnen und Mozzarella",Pizza,"{""students"":{""base_price"":5.0,""price_per_unit"":0.0,""unit"":""100g""},""staff"":{""base_price"":5.5,""price_per_unit"":0.0,""unit"":""100g""},""guests"":{""base_price"":6.5,""price_per_unit"":0.0,""unit"":""100g""}}","[""BARLEY"",""CELERY"",""CEREAL"",""GLUTEN"",""LACTOSE"",""MEAT"",""MILK"",""SOY"",""WHEAT""]",https://tum-dev.github.io/eat-api/#!/de/mensa-arcisstr,2026-06-15
mensa-arcisstr,2026-06-16,2,Schweinesteak Strindberg (mit Senf-Zwiebelschmelze) (1 Stück) (S vom Strohschwein),Grill,"{""students"":{""base_price"":1.0,""price_per_unit"":0.9,""unit"":""100g""},""staff"":{""base_price"":1.0,""price_per_unit"":1.15,""unit"":""100g""},""guests"":{""base_price"":1.0,""price_per_unit"":1.6,""unit"":""100g""}}","[""CEREAL"",""CHICKEN_EGGS"",""GLUTEN"",""LACTOSE"",""MEAT"",""MILK"",""MUSTARD"",""WHEAT""]",https://tum-dev.github.io/eat-api/#!/de/mensa-arcisstr,2026-06-15
mensa-arcisstr,2026-06-16,3,Bunte Gemüsepaella,Wok,"{""students"":{""base_price"":0,""price_per_unit"":0.9,""unit"":""100g""},""staff"":{""base_price"":0,""price_per_unit"":1.15,""unit"":""100g""},""guests"":{""base_price"":0,""price_per_unit"":1.6,""unit"":""100g""}}","[""CELERY"",""VEGAN"",""VEGETARIAN""]",https://tum-dev.github.io/eat-api/#!/de/mensa-arcisstr,2026-06-15
mensa-arcisstr,2026-06-16,4,"Zartweizen mit Erbsen, Karotten und Mais",Studitopf,"{""students"":{""base_price"":0,""price_per_unit"":0.33,""unit"":""100g""},""staff"":{""base_price"":0,""price_per_unit"":1.15,""unit"":""100g""},""guests"":{""base_price"":0,""price_per_unit"":1.6,""unit"":""100g""}}","[""CELERY"",""CEREAL"",""GLUTEN"",""VEGAN"",""VEGETARIAN"",""WHEAT""]",https://tum-dev.github.io/eat-api/#!/de/mensa-arcisstr,2026-06-15
mensa-arcisstr,2026-06-16,5,Blumenkohlcremesuppe,Studitopf,"{""students"":{""base_price"":0,""price_per_unit"":0.33,""unit"":""100g""},""staff"":{""base_price"":0,""price_per_unit"":1.15,""unit"":""100g""},""guests"":{""base_price"":0,""price_per_unit"":1.6,""unit"":""100g""}}","[""CEREAL"",""GLUTEN"",""LACTOSE"",""MILK"",""VEGETARIAN"",""WHEAT""]",https://tum-dev.github.io/eat-api/#!/de/mensa-arcisstr,2026-06-15
mensa-arcisstr,2026-06-16,6,Blumenkohlauflauf mit Käsesauce,Vegetarisch/fleischlos,"{""students"":{""base_price"":0,""price_per_unit"":0.9,""unit"":""100g""},""staff"":{""base_price"":0,""price_per_unit"":1.15,""unit"":""100g""},""guests"":{""base_price"":0,""price_per_unit"":1.6,""unit"":""100g""}}","[""ALCOHOL"",""CEREAL"",""CHICKEN_EGGS"",""GLUTEN"",""LACTOSE"",""MILK"",""SULFITES"",""SULPHURS"",""VEGETARIAN"",""WHEAT""]",https://tum-dev.github.io/eat-api/#!/de/mensa-arcisstr,2026-06-15
mensa-arcisstr,2026-06-16,7,Putengulasch mit Paprika,Fleisch,"{""students"":{""base_price"":1.0,""price_per_unit"":0.9,""unit"":""100g""},""staff"":{""base_price"":1.0,""price_per_unit"":1.15,""unit"":""100g""},""guests"":{""base_price"":1.0,""price_per_unit"":1.6,""unit"":""100g""}}","[""CEREAL"",""GLUTEN"",""MEAT"",""WHEAT""]",https://tum-dev.github.io/eat-api/#!/de/mensa-arcisstr,2026-06-15
mensa-arcisstr,2026-06-16,8,Tagessuppe,"Tagessupe, Brot, Obst","{""students"":{""base_price"":1.0,""price_per_unit"":0.9,""unit"":""100g""},""staff"":{""base_price"":1.0,""price_per_unit"":1.15,""unit"":""100g""},""guests"":{""base_price"":1.0,""price_per_unit"":1.6,""unit"":""100g""}}","[""MEAT""]",https://tum-dev.github.io/eat-api/#!/de/mensa-arcisstr,2026-06-15
mensa-arcisstr,2026-06-16,9,Bayerisch Creme mit Himbeermark,Dessert (Glas),"{""students"":{""base_price"":1.0,""price_per_unit"":0.9,""unit"":""100g""},""staff"":{""base_price"":1.0,""price_per_unit"":1.15,""unit"":""100g""},""guests"":{""base_price"":1.0,""price_per_unit"":1.6,""unit"":""100g""}}","[""GELATIN"",""LACTOSE"",""MEAT"",""MILK""]",https://tum-dev.github.io/eat-api/#!/de/mensa-arcisstr,2026-06-15
mensa-arcisstr,2026-06-17,0,Mac & Cheese,Pasta,"{""students"":{""base_price"":0,""price_per_unit"":0.9,""unit"":""100g""},""staff"":{""base_price"":0,""price_per_unit"":1.15,""unit"":""100g""},""guests"":{""base_price"":0,""price_per_unit"":1.6,""unit"":""100g""}}","[""ALCOHOL"",""ANTIOXIDANTS"",""BARLEY"",""CEREAL"",""GLUTEN"",""LACTOSE"",""MILK"",""MUSTARD"",""SOY"",""SULFITES"",""SULPHURS"",""VEGETARIAN"",""WHEAT""]",https://tum-dev.github.io/eat-api/#!/de/mensa-arcisstr,2026-06-15
mensa-arcisstr,2026-06-17,1,Fleischpflanzerl (1 Stück) mit Kümmelsauce,Grill,"{""students"":{""base_price"":1.0,""price_per_unit"":0.9,""unit"":""100g""},""staff"":{""base_price"":1.0,""price_per_unit"":1.15,""unit"":""100g""},""guests"":{""base_price"":1.0,""price_per_unit"":1.6,""unit"":""100g""}}","[""BEEF"",""CEREAL"",""CHICKEN_EGGS"",""GARLIC"",""GLUTEN"",""MEAT"",""MUSTARD"",""PORK"",""WHEAT""]",https://tum-dev.github.io/eat-api/#!/de/mensa-arcisstr,2026-06-15
mensa-arcisstr,2026-06-17,2,Gebratener Räuchertofu mit Gemüse (scharf),Grill,"{""students"":{""base_price"":0,""price_per_unit"":0.9,""unit"":""100g""},""staff"":{""base_price"":0,""price_per_unit"":1.15,""unit"":""100g""},""guests"":{""base_price"":0,""price_per_unit"":1.6,""unit"":""100g""}}","[""CEREAL"",""GLUTEN"",""SOY"",""VEGAN"",""VEGETARIAN"",""WHEAT""]",https://tum-dev.github.io/eat-api/#!/de/mensa-arcisstr,2026-06-15
mensa-arcisstr,2026-06-17,3,"Wokgemüse mit Mini-Frühlingsrollen , dazu Erdnüsse",Wok,"{""students"":{""base_price"":0,""price_per_unit"":0.9,""unit"":""100g""},""staff"":{""base_price"":0,""price_per_unit"":1.15,""unit"":""100g""},""guests"":{""base_price"":0,""price_per_unit"":1.6,""unit"":""100g""}}","[""CELERY"",""CEREAL"",""GARLIC"",""GLUTEN"",""MUSTARD"",""PEANUTS"",""PRESERVATIVES"",""SESAME"",""SHELL_FRUITS"",""SOY"",""VEGAN"",""VEGETARIAN"",""WHEAT""]",https://tum-dev.github.io/eat-api/#!/de/mensa-arcisstr,2026-06-15
mensa-arcisstr,2026-06-17,4,Linseneintopf mit Gemüse,Studitopf,"{""students"":{""base_price"":0,""price_per_unit"":0.33,""unit"":""100g""},""staff"":{""base_price"":0,""price_per_unit"":1.15,""unit"":""100g""},""guests"":{""base_price"":0,""price_per_unit"":1.6,""unit"":""100g""}}","[""ANTIOXIDANTS"",""CELERY"",""DYESTUFF"",""SULFITES"",""SULPHURS"",""VEGAN"",""VEGETARIAN""]",https://tum-dev.github.io/eat-api/#!/de/mensa-arcisstr,2026-06-15
mensa-arcisstr,2026-06-17,5,Quinoa-Grünkern-Strudel mit Sauerrahm-Dip,Vegetarisch/fleischlos,"{""students"":{""base_price"":0,""price_per_unit"":0.9,""unit"":""100g""},""staff"":{""base_price"":0,""price_per_unit"":1.15,""unit"":""100g""},""guests"":{""base_price"":0,""price_per_unit"":1.6,""unit"":""100g""}}","[""BARLEY"",""CELERY"",""CEREAL"",""DYESTUFF"",""GARLIC"",""GLUTEN"",""LACTOSE"",""MILK"",""MUSTARD"",""SOY"",""VEGETARIAN"",""WHEAT""]",https://tum-dev.github.io/eat-api/#!/de/mensa-arcisstr,2026-06-15
mensa-arcisstr,2026-06-17,6,Di Manzo - Rindfleisch in Balsamico,Fleisch,"{""students"":{""base_price"":1.0,""price_per_unit"":0.9,""unit"":""100g""},""staff"":{""base_price"":1.0,""price_per_unit"":1.15,""unit"":""100g""},""guests"":{""base_price"":1.0,""price_per_unit"":1.6,""unit"":""100g""}}","[""BEEF"",""CEREAL"",""DYESTUFF"",""GLUTEN"",""MEAT"",""SULFITES"",""SULPHURS"",""WHEAT""]",https://tum-dev.github.io/eat-api/#!/de/mensa-arcisstr,2026-06-15
mensa-arcisstr,2026-06-17,7,Hähnchenknusperfilet (1 Stück) mit Mango-Chili-Dip,Fleisch,"{""students"":{""base_price"":1.0,""price_per_unit"":0.9,""unit"":""100g""},""staff"":{""base_price"":1.0,""price_per_unit"":1.15,""unit"":""100g""},""guests"":{""base_price"":1.0,""price_per_unit"":1.6,""unit"":""100g""}}","[""BARLEY"",""CELERY"",""CEREAL"",""CHICKEN_EGGS"",""DYESTUFF"",""GLUTEN"",""LACTOSE"",""MEAT"",""MILK"",""MUSTARD"",""PRESERVATIVES"",""SWEETENERS"",""WHEAT""]",https://tum-dev.github.io/eat-api/#!/de/mensa-arcisstr,2026-06-15
mensa-arcisstr,2026-06-17,8,Tagessuppe,"Tagessupe, Brot, Obst","{""students"":{""base_price"":1.0,""price_per_unit"":0.9,""unit"":""100g""},""staff"":{""base_price"":1.0,""price_per_unit"":1.15,""unit"":""100g""},""guests"":{""base_price"":1.0,""price_per_unit"":1.6,""unit"":""100g""}}","[""MEAT""]",https://tum-dev.github.io/eat-api/#!/de/mensa-arcisstr,2026-06-15
mensa-arcisstr,2026-06-18,0,Spinatspätzlepfanne mit Bergkäse und abgeschmelzten Zwiebeln,Pasta,"{""students"":{""base_price"":1.0,""price_per_unit"":0.9,""unit"":""100g""},""staff"":{""base_price"":1.0,""price_per_unit"":1.15,""unit"":""100g""},""guests"":{""base_price"":1.0,""price_per_unit"":1.6,""unit"":""100g""}}","[""CEREAL"",""CHICKEN_EGGS"",""GLUTEN"",""LACTOSE"",""MEAT"",""MILK"",""WHEAT""]",https://tum-dev.github.io/eat-api/#!/de/mensa-arcisstr,2026-06-15
mensa-arcisstr,2026-06-18,1,Tandoori Chicken (1 Stück) in Joghurtmarinade und Gurken-Minz-Dip,Grill,"{""students"":{""base_price"":1.0,""price_per_unit"":0.9,""unit"":""100g""},""staff"":{""base_price"":1.0,""price_per_unit"":1.15,""unit"":""100g""},""guests"":{""base_price"":1.0,""price_per_unit"":1.6,""unit"":""100g""}}","[""GARLIC"",""LACTOSE"",""MEAT"",""MILK"",""MUSTARD""]",https://tum-dev.github.io/eat-api/#!/de/mensa-arcisstr,2026-06-15
mensa-arcisstr,2026-06-18,2,Quinoa-Grünkern-Strudel mit Sauerrahm-Dip,Wok,"{""students"":{""base_price"":0,""price_per_unit"":0.9,""unit"":""100g""},""staff"":{""base_price"":0,""price_per_unit"":1.15,""unit"":""100g""},""guests"":{""base_price"":0,""price_per_unit"":1.6,""unit"":""100g""}}","[""BARLEY"",""CELERY"",""CEREAL"",""DYESTUFF"",""GARLIC"",""GLUTEN"",""LACTOSE"",""MILK"",""MUSTARD"",""SOY"",""VEGETARIAN"",""WHEAT""]",https://tum-dev.github.io/eat-api/#!/de/mensa-arcisstr,2026-06-15
mensa-arcisstr,2026-06-18,3,Italienischer Bohneneintopf,Studitopf,"{""students"":{""base_price"":0,""price_per_unit"":0.33,""unit"":""100g""},""staff"":{""base_price"":0,""price_per_unit"":1.15,""unit"":""100g""},""guests"":{""base_price"":0,""price_per_unit"":1.6,""unit"":""100g""}}","[""CELERY"",""VEGAN"",""VEGETARIAN""]",https://tum-dev.github.io/eat-api/#!/de/mensa-arcisstr,2026-06-15
mensa-arcisstr,2026-06-18,4,Schaschlik (1 Stück) mit Honig-Currysauce,Fleisch,"{""students"":{""base_price"":1.0,""price_per_unit"":0.9,""unit"":""100g""},""staff"":{""base_price"":1.0,""price_per_unit"":1.15,""unit"":""100g""},""guests"":{""base_price"":1.0,""price_per_unit"":1.6,""unit"":""100g""}}","[""CELERY"",""MEAT"",""MUSTARD"",""PORK"",""SWEETENERS""]",https://tum-dev.github.io/eat-api/#!/de/mensa-arcisstr,2026-06-15
mensa-arcisstr,2026-06-18,5,Veganes Tomatenragout mit Falafel,Vegan,"{""students"":{""base_price"":0,""price_per_unit"":0.9,""unit"":""100g""},""staff"":{""base_price"":0,""price_per_unit"":1.15,""unit"":""100g""},""guests"":{""base_price"":0,""price_per_unit"":1.6,""unit"":""100g""}}","[""CEREAL"",""GARLIC"",""GLUTEN"",""MUSTARD"",""VEGAN"",""VEGETARIAN"",""WHEAT""]",https://tum-dev.github.io/eat-api/#!/de/mensa-arcisstr,2026-06-15
mensa-arcisstr,2026-06-18,6,Tagessuppe,"Tagessupe, Brot, Obst","{""students"":{""base_price"":1.0,""price_per_unit"":0.9,""unit"":""100g""},""staff"":{""base_price"":1.0,""price_per_unit"":1.15,""unit"":""100g""},""guests"":{""base_price"":1.0,""price_per_unit"":1.6,""unit"":""100g""}}","[""MEAT""]",https://tum-dev.github.io/eat-api/#!/de/mensa-arcisstr,2026-06-15
mensa-arcisstr,2026-06-19,0,Pasta mit Gorgonzola-Walnuss-Sauce,Pasta,"{""students"":{""base_price"":1.0,""price_per_unit"":0.9,""unit"":""100g""},""staff"":{""base_price"":1.0,""price_per_unit"":1.15,""unit"":""100g""},""guests"":{""base_price"":1.0,""price_per_unit"":1.6,""unit"":""100g""}}","[""CEREAL"",""GLUTEN"",""LACTOSE"",""MEAT"",""MILK"",""SHELLFISH"",""SHELL_FRUITS"",""WALNUTS"",""WHEAT""]",https://tum-dev.github.io/eat-api/#!/de/mensa-arcisstr,2026-06-15
mensa-arcisstr,2026-06-19,1,Scharfe Chunks (aus Erbsenprotein) mit Mais (scharf),Wok,"{""students"":{""base_price"":0,""price_per_unit"":0.9,""unit"":""100g""},""staff"":{""base_price"":0,""price_per_unit"":1.15,""unit"":""100g""},""guests"":{""base_price"":0,""price_per_unit"":1.6,""unit"":""100g""}}","[""CEREAL"",""GLUTEN"",""SOY"",""VEGAN"",""VEGETARIAN"",""WHEAT""]",https://tum-dev.github.io/eat-api/#!/de/mensa-arcisstr,2026-06-15
mensa-arcisstr,2026-06-19,2,Kokos-Pilz-Topf mit Glasnudeln,Studitopf,"{""students"":{""base_price"":0,""price_per_unit"":0.33,""unit"":""100g""},""staff"":{""base_price"":0,""price_per_unit"":1.15,""unit"":""100g""},""guests"":{""base_price"":0,""price_per_unit"":1.6,""unit"":""100g""}}","[""MUSTARD"",""PRESERVATIVES"",""VEGAN"",""VEGETARIAN""]",https://tum-dev.github.io/eat-api/#!/de/mensa-arcisstr,2026-06-15
mensa-arcisstr,2026-06-19,3,Forelle Müllerin Art (1 Stück) mit Mandelbutter oder Zitronensauce,Fisch,"{""students"":{""base_price"":1.5,""price_per_unit"":0.9,""unit"":""100g""},""staff"":{""base_price"":1.5,""price_per_unit"":1.15,""unit"":""100g""},""guests"":{""base_price"":1.5,""price_per_unit"":1.6,""unit"":""100g""}}","[""ALMONDS"",""CEREAL"",""FISH"",""GLUTEN"",""LACTOSE"",""MILK"",""SHELLFISH"",""SHELL_FRUITS"",""WHEAT""]",https://tum-dev.github.io/eat-api/#!/de/mensa-arcisstr,2026-06-15
mensa-arcisstr,2026-06-19,4,Milchreis mit Zimtzucker mit Apfelmus,Süßspeise,"{""students"":{""base_price"":0,""price_per_unit"":0.9,""unit"":""100g""},""staff"":{""base_price"":0,""price_per_unit"":1.15,""unit"":""100g""},""guests"":{""base_price"":0,""price_per_unit"":1.6,""unit"":""100g""}}","[""ANTIOXIDANTS"",""LACTOSE"",""MILK"",""VEGETARIAN""]",https://tum-dev.github.io/eat-api/#!/de/mensa-arcisstr,2026-06-15
mensa-arcisstr,2026-06-19,5,Tagessuppe,"Tagessupe, Brot, Obst","{""students"":{""base_price"":1.0,""price_per_unit"":0.9,""unit"":""100g""},""staff"":{""base_price"":1.0,""price_per_unit"":1.15,""unit"":""100g""},""guests"":{""base_price"":1.0,""price_per_unit"":1.6,""unit"":""100g""}}","[""MEAT""]",https://tum-dev.github.io/eat-api/#!/de/mensa-arcisstr,2026-06-15
mensa-arcisstr,2026-06-22,0,Tortellini (Käsefüllung) mit Käse-Sahne-Sauce,Pasta,"{""students"":{""base_price"":0,""price_per_unit"":0.9,""unit"":""100g""},""staff"":{""base_price"":0,""price_per_unit"":1.15,""unit"":""100g""},""guests"":{""base_price"":0,""price_per_unit"":1.6,""unit"":""100g""}}","[""CEREAL"",""CHICKEN_EGGS"",""GARLIC"",""GLUTEN"",""LACTOSE"",""MILK"",""VEGETARIAN"",""WHEAT""]",https://tum-dev.github.io/eat-api/#!/de/mensa-arcisstr,2026-06-15
mensa-arcisstr,2026-06-22,1,Currywurst mit Honig-Ingwer-Ketchup (1 Stück),Grill,"{""students"":{""base_price"":0.5,""price_per_unit"":0.9,""unit"":""100g""},""staff"":{""base_price"":0.5,""price_per_unit"":1.15,""unit"":""100g""},""guests"":{""base_price"":0.5,""price_per_unit"":1.6,""unit"":""100g""}}","[""BEEF"",""CELERY"",""MEAT"",""MUSTARD"",""PHOSPHATES"",""PORK"",""SWEETENERS""]",https://tum-dev.github.io/eat-api/#!/de/mensa-arcisstr,2026-06-15
mensa-arcisstr,2026-06-22,2,Buntes Gemüsecurry mit Linsen und Kokosbulgur,Wok,"{""students"":{""base_price"":0,""price_per_unit"":0.9,""unit"":""100g""},""staff"":{""base_price"":0,""price_per_unit"":1.15,""unit"":""100g""},""guests"":{""base_price"":0,""price_per_unit"":1.6,""unit"":""100g""}}","[""CEREAL"",""GARLIC"",""GLUTEN"",""PRESERVATIVES"",""SOY"",""VEGAN"",""VEGETARIAN"",""WHEAT""]",https://tum-dev.github.io/eat-api/#!/de/mensa-arcisstr,2026-06-15
mensa-arcisstr,2026-06-22,3,Kartoffeleintopf mit Kichererbsen,Studitopf,"{""students"":{""base_price"":0,""price_per_unit"":0.33,""unit"":""100g""},""staff"":{""base_price"":0,""price_per_unit"":1.15,""unit"":""100g""},""guests"":{""base_price"":0,""price_per_unit"":1.6,""unit"":""100g""}}","[""VEGAN"",""VEGETARIAN""]",https://tum-dev.github.io/eat-api/#!/de/mensa-arcisstr,2026-06-15
mensa-arcisstr,2026-06-22,4,Mexikanisches Chili sin carne mit Sojaschnetzel,Vegetarisch/fleischlos,"{""students"":{""base_price"":0,""price_per_unit"":0.9,""unit"":""100g""},""staff"":{""base_price"":0,""price_per_unit"":1.15,""unit"":""100g""},""guests"":{""base_price"":0,""price_per_unit"":1.6,""unit"":""100g""}}","[""SOY"",""VEGAN"",""VEGETARIAN""]",https://tum-dev.github.io/eat-api/#!/de/mensa-arcisstr,2026-06-15
mensa-arcisstr,2026-06-22,5,Gebratene Hähnchenkeule (1 Stück) mit Barbecuesauce,Fleisch,"{""students"":{""base_price"":1.0,""price_per_unit"":0.9,""unit"":""100g""},""staff"":{""base_price"":1.0,""price_per_unit"":1.15,""unit"":""100g""},""guests"":{""base_price"":1.0,""price_per_unit"":1.6,""unit"":""100g""}}","[""CELERY"",""DYESTUFF"",""MEAT"",""PHOSPHATES"",""SWEETENERS""]",https://tum-dev.github.io/eat-api/#!/de/mensa-arcisstr,2026-06-15
mensa-arcisstr,2026-06-22,6,Tagessuppe,"Tagessupe, Brot, Obst","{""students"":{""base_price"":1.0,""price_per_unit"":0.9,""unit"":""100g""},""staff"":{""base_price"":1.0,""price_per_unit"":1.15,""unit"":""100g""},""guests"":{""base_price"":1.0,""price_per_unit"":1.6,""unit"":""100g""}}","[""MEAT""]",https://tum-dev.github.io/eat-api/#!/de/mensa-arcisstr,2026-06-15
mensa-arcisstr,2026-06-22,7,Vanillesahnequark,Dessert (Glas),"{""students"":{""base_price"":0,""price_per_unit"":0.9,""unit"":""100g""},""staff"":{""base_price"":0,""price_per_unit"":1.15,""unit"":""100g""},""guests"":{""base_price"":0,""price_per_unit"":1.6,""unit"":""100g""}}","[""LACTOSE"",""MILK"",""VEGETARIAN""]",https://tum-dev.github.io/eat-api/#!/de/mensa-arcisstr,2026-06-15
mensa-arcisstr,2026-06-23,0,Pasta Verdura,Pasta,"{""students"":{""base_price"":0,""price_per_unit"":0.9,""unit"":""100g""},""staff"":{""base_price"":0,""price_per_unit"":1.15,""unit"":""100g""},""guests"":{""base_price"":0,""price_per_unit"":1.6,""unit"":""100g""}}","[""CEREAL"",""GLUTEN"",""VEGAN"",""VEGETARIAN"",""WHEAT""]",https://tum-dev.github.io/eat-api/#!/de/mensa-arcisstr,2026-06-15
mensa-arcisstr,2026-06-23,1,Pfannengyros vom Schwein (S vom Strohschwein) mit Tsatsiki,Grill,"{""students"":{""base_price"":1.0,""price_per_unit"":0.9,""unit"":""100g""},""staff"":{""base_price"":1.0,""price_per_unit"":1.15,""unit"":""100g""},""guests"":{""base_price"":1.0,""price_per_unit"":1.6,""unit"":""100g""}}","[""ANTIOXIDANTS"",""DYESTUFF"",""GARLIC"",""LACTOSE"",""MEAT"",""MILK"",""SULFITES"",""SULPHURS""]",https://tum-dev.github.io/eat-api/#!/de/mensa-arcisstr,2026-06-15
mensa-arcisstr,2026-06-23,2,"Reistopf mit Kidneybohnen, Paprika und Mais",Studitopf,"{""students"":{""base_price"":0,""price_per_unit"":0.33,""unit"":""100g""},""staff"":{""base_price"":0,""price_per_unit"":1.15,""unit"":""100g""},""guests"":{""base_price"":0,""price_per_unit"":1.6,""unit"":""100g""}}","[""VEGAN"",""VEGETARIAN""]",https://tum-dev.github.io/eat-api/#!/de/mensa-arcisstr,2026-06-15
mensa-arcisstr,2026-06-23,3,Tomate-Mozzarella-Strudel mit Basilikumdip,Vegetarisch/fleischlos,"{""students"":{""base_price"":0,""price_per_unit"":0.9,""unit"":""100g""},""staff"":{""base_price"":0,""price_per_unit"":1.15,""unit"":""100g""},""guests"":{""base_price"":0,""price_per_unit"":1.6,""unit"":""100g""}}","[""BARLEY"",""CEREAL"",""GARLIC"",""GLUTEN"",""LACTOSE"",""MILK"",""RYE"",""VEGETARIAN"",""WHEAT""]",https://tum-dev.github.io/eat-api/#!/de/mensa-arcisstr,2026-06-15
mensa-arcisstr,2026-06-23,4,Köfte (3 Stück) mit Gurken-Minz-Joghurt-Dip,Fleisch,"{""students"":{""base_price"":1.0,""price_per_unit"":0.9,""unit"":""100g""},""staff"":{""base_price"":1.0,""price_per_unit"":1.15,""unit"":""100g""},""guests"":{""base_price"":1.0,""price_per_unit"":1.6,""unit"":""100g""}}","[""BEEF"",""CEREAL"",""GARLIC"",""GLUTEN"",""LACTOSE"",""MEAT"",""MILK"",""WHEAT""]",https://tum-dev.github.io/eat-api/#!/de/mensa-arcisstr,2026-06-15
mensa-arcisstr,2026-06-23,5,"Mini-Germknödel mit Kirschfüllung, dazu Vanillesauce",Süßspeise,"{""students"":{""base_price"":0,""price_per_unit"":0.9,""unit"":""100g""},""staff"":{""base_price"":0,""price_per_unit"":1.15,""unit"":""100g""},""guests"":{""base_price"":0,""price_per_unit"":1.6,""unit"":""100g""}}","[""CEREAL"",""CHICKEN_EGGS"",""GLUTEN"",""LACTOSE"",""MILK"",""VEGETARIAN"",""WHEAT""]",https://tum-dev.github.io/eat-api/#!/de/mensa-arcisstr,2026-06-15
mensa-arcisstr,2026-06-23,6,Tagessuppe,"Tagessupe, Brot, Obst","{""students"":{""base_price"":1.0,""price_per_unit"":0.9,""unit"":""100g""},""staff"":{""base_price"":1.0,""price_per_unit"":1.15,""unit"":""100g""},""guests"":{""base_price"":1.0,""price_per_unit"":1.6,""unit"":""100g""}}","[""MEAT""]",https://tum-dev.github.io/eat-api/#!/de/mensa-arcisstr,2026-06-15
mensa-arcisstr,2026-06-23,7,Tiramisu,Dessert (Glas),"{""students"":{""base_price"":1.0,""price_per_unit"":0.9,""unit"":""100g""},""staff"":{""base_price"":1.0,""price_per_unit"":1.15,""unit"":""100g""},""guests"":{""base_price"":1.0,""price_per_unit"":1.6,""unit"":""100g""}}","[""ALCOHOL"",""CEREAL"",""CHICKEN_EGGS"",""GELATIN"",""GLUTEN"",""LACTOSE"",""MEAT"",""MILK"",""SULFITES"",""SULPHURS"",""WHEAT""]",https://tum-dev.github.io/eat-api/#!/de/mensa-arcisstr,2026-06-15
mensa-arcisstr,2026-06-24,0,"Pasta mit Spargel, Lauch und Chili (scharf) , dazu Hartkäse",Pasta,"{""students"":{""base_price"":0,""price_per_unit"":0.9,""unit"":""100g""},""staff"":{""base_price"":0,""price_per_unit"":1.15,""unit"":""100g""},""guests"":{""base_price"":0,""price_per_unit"":1.6,""unit"":""100g""}}","[""CEREAL"",""GLUTEN"",""LACTOSE"",""MILK"",""VEGAN"",""VEGETARIAN"",""WHEAT""]",https://tum-dev.github.io/eat-api/#!/de/mensa-arcisstr,2026-06-15
mensa-arcisstr,2026-06-24,1,Gegrillte Zucchini mit Tomaten-Paprika-Ragout,Grill,"{""students"":{""base_price"":0,""price_per_unit"":0.9,""unit"":""100g""},""staff"":{""base_price"":0,""price_per_unit"":1.15,""unit"":""100g""},""guests"":{""base_price"":0,""price_per_unit"":1.6,""unit"":""100g""}}","[""VEGAN"",""VEGETARIAN""]",https://tum-dev.github.io/eat-api/#!/de/mensa-arcisstr,2026-06-15
mensa-arcisstr,2026-06-24,2,Champignonreistopf,Studitopf,"{""students"":{""base_price"":0,""price_per_unit"":0.33,""unit"":""100g""},""staff"":{""base_price"":0,""price_per_unit"":1.15,""unit"":""100g""},""guests"":{""base_price"":0,""price_per_unit"":1.6,""unit"":""100g""}}","[""CELERY"",""VEGAN"",""VEGETARIAN""]",https://tum-dev.github.io/eat-api/#!/de/mensa-arcisstr,2026-06-15
mensa-arcisstr,2026-06-24,3,Spinatknödel Tiroler Art mit Bergkäse und Tomatensauce,Vegetarisch/fleischlos,"{""students"":{""base_price"":1.0,""price_per_unit"":0.9,""unit"":""100g""},""staff"":{""base_price"":1.0,""price_per_unit"":1.15,""unit"":""100g""},""guests"":{""base_price"":1.0,""price_per_unit"":1.6,""unit"":""100g""}}","[""CEREAL"",""CHICKEN_EGGS"",""GLUTEN"",""LACTOSE"",""MEAT"",""MILK"",""WHEAT""]",https://tum-dev.github.io/eat-api/#!/de/mensa-arcisstr,2026-06-15
mensa-arcisstr,2026-06-24,4,Andalusisches Rinderragout,Fleisch,"{""students"":{""base_price"":1.0,""price_per_unit"":0.9,""unit"":""100g""},""staff"":{""base_price"":1.0,""price_per_unit"":1.15,""unit"":""100g""},""guests"":{""base_price"":1.0,""price_per_unit"":1.6,""unit"":""100g""}}","[""ALCOHOL"",""BEEF"",""CEREAL"",""GLUTEN"",""MEAT"",""SULFITES"",""SULPHURS"",""WHEAT""]",https://tum-dev.github.io/eat-api/#!/de/mensa-arcisstr,2026-06-15
mensa-arcisstr,2026-06-24,5,"Fisch (Seelachs, 6 Stück) and chips mit Sauce Tartare",Fisch,"{""students"":{""base_price"":1.5,""price_per_unit"":0.9,""unit"":""100g""},""staff"":{""base_price"":1.5,""price_per_unit"":1.15,""unit"":""100g""},""guests"":{""base_price"":1.5,""price_per_unit"":1.6,""unit"":""100g""}}","[""BARLEY"",""CELERY"",""CEREAL"",""CHICKEN_EGGS"",""DYESTUFF"",""FISH"",""GARLIC"",""GLUTEN"",""LACTOSE"",""MILK"",""MUSTARD"",""SWEETENERS"",""WHEAT""]",https://tum-dev.github.io/eat-api/#!/de/mensa-arcisstr,2026-06-15
mensa-arcisstr,2026-06-24,6,Tagessuppe,"Tagessupe, Brot, Obst","{""students"":{""base_price"":1.0,""price_per_unit"":0.9,""unit"":""100g""},""staff"":{""base_price"":1.0,""price_per_unit"":1.15,""unit"":""100g""},""guests"":{""base_price"":1.0,""price_per_unit"":1.6,""unit"":""100g""}}","[""MEAT""]",https://tum-dev.github.io/eat-api/#!/de/mensa-arcisstr,2026-06-15
mensa-arcisstr,2026-06-24,7,Veganes Mousse au Chocolat,Dessert (Glas),"{""students"":{""base_price"":0,""price_per_unit"":0.9,""unit"":""100g""},""staff"":{""base_price"":0,""price_per_unit"":1.15,""unit"":""100g""},""guests"":{""base_price"":0,""price_per_unit"":1.6,""unit"":""100g""}}","[""CEREAL"",""GLUTEN"",""OAT"",""SOY"",""VEGAN"",""VEGETARIAN""]",https://tum-dev.github.io/eat-api/#!/de/mensa-arcisstr,2026-06-15
mensa-arcisstr,2026-06-25,0,Gemüselasagne,Pasta,"{""students"":{""base_price"":0,""price_per_unit"":0.9,""unit"":""100g""},""staff"":{""base_price"":0,""price_per_unit"":1.15,""unit"":""100g""},""guests"":{""base_price"":0,""price_per_unit"":1.6,""unit"":""100g""}}","[""CELERY"",""CEREAL"",""GLUTEN"",""LACTOSE"",""MILK"",""VEGETARIAN"",""WHEAT""]",https://tum-dev.github.io/eat-api/#!/de/mensa-arcisstr,2026-06-15
mensa-arcisstr,2026-06-25,1,"Putensteak (1 Stück) mit Chimichuri aus Koriander, Tomate und Petersilie",Grill,"{""students"":{""base_price"":1.0,""price_per_unit"":0.9,""unit"":""100g""},""staff"":{""base_price"":1.0,""price_per_unit"":1.15,""unit"":""100g""},""guests"":{""base_price"":1.0,""price_per_unit"":1.6,""unit"":""100g""}}","[""MEAT""]",https://tum-dev.github.io/eat-api/#!/de/mensa-arcisstr,2026-06-15
mensa-arcisstr,2026-06-25,2,Tomatensalsa mit Chili und Koriander,Grill,"{""students"":{""base_price"":0,""price_per_unit"":0.9,""unit"":""100g""},""staff"":{""base_price"":0,""price_per_unit"":1.15,""unit"":""100g""},""guests"":{""base_price"":0,""price_per_unit"":1.6,""unit"":""100g""}}","[""VEGAN"",""VEGETARIAN""]",https://tum-dev.github.io/eat-api/#!/de/mensa-arcisstr,2026-06-15
mensa-arcisstr,2026-06-25,3,Couscous mit Zitrone und Zucchini,Studitopf,"{""students"":{""base_price"":0,""price_per_unit"":0.33,""unit"":""100g""},""staff"":{""base_price"":0,""price_per_unit"":1.15,""unit"":""100g""},""guests"":{""base_price"":0,""price_per_unit"":1.6,""unit"":""100g""}}","[""CEREAL"",""GLUTEN"",""VEGAN"",""VEGETARIAN"",""WHEAT""]",https://tum-dev.github.io/eat-api/#!/de/mensa-arcisstr,2026-06-15
mensa-arcisstr,2026-06-25,4,Asia-Reisbällchen mit veganem Currydip,Vegetarisch/fleischlos,"{""students"":{""base_price"":0,""price_per_unit"":0.9,""unit"":""100g""},""staff"":{""base_price"":0,""price_per_unit"":1.15,""unit"":""100g""},""guests"":{""base_price"":0,""price_per_unit"":1.6,""unit"":""100g""}}","[""ANTIOXIDANTS"",""BARLEY"",""CELERY"",""CEREAL"",""DYESTUFF"",""GLUTEN"",""MUSTARD"",""SOY"",""VEGAN"",""VEGETARIAN""]",https://tum-dev.github.io/eat-api/#!/de/mensa-arcisstr,2026-06-15
mensa-arcisstr,2026-06-25,5,Kartoffeltortilla mit mediterranem Gemüse und Paprikasauce,Vegetarisch/fleischlos,"{""students"":{""base_price"":0,""price_per_unit"":0.9,""unit"":""100g""},""staff"":{""base_price"":0,""price_per_unit"":1.15,""unit"":""100g""},""guests"":{""base_price"":0,""price_per_unit"":1.6,""unit"":""100g""}}","[""CEREAL"",""CHICKEN_EGGS"",""GLUTEN"",""LACTOSE"",""MILK"",""PRESERVATIVES"",""VEGETARIAN"",""WHEAT""]",https://tum-dev.github.io/eat-api/#!/de/mensa-arcisstr,2026-06-15
mensa-arcisstr,2026-06-25,6,Gulasch vom Schwein (S vom Strohschwein),Fleisch,"{""students"":{""base_price"":1.0,""price_per_unit"":0.9,""unit"":""100g""},""staff"":{""base_price"":1.0,""price_per_unit"":1.15,""unit"":""100g""},""guests"":{""base_price"":1.0,""price_per_unit"":1.6,""unit"":""100g""}}","[""CEREAL"",""GLUTEN"",""MEAT"",""WHEAT""]",https://tum-dev.github.io/eat-api/#!/de/mensa-arcisstr,2026-06-15
mensa-arcisstr,2026-06-25,7,Tagessuppe,"Tagessupe, Brot, Obst","{""students"":{""base_price"":1.0,""price_per_unit"":0.9,""unit"":""100g""},""staff"":{""base_price"":1.0,""price_per_unit"":1.15,""unit"":""100g""},""guests"":{""base_price"":1.0,""price_per_unit"":1.6,""unit"":""100g""}}","[""MEAT""]",https://tum-dev.github.io/eat-api/#!/de/mensa-arcisstr,2026-06-15
mensa-arcisstr,2026-06-25,8,Panna Cotta mit Amarettini,Dessert (Glas),"{""students"":{""base_price"":1.0,""price_per_unit"":0.9,""unit"":""100g""},""staff"":{""base_price"":1.0,""price_per_unit"":1.15,""unit"":""100g""},""guests"":{""base_price"":1.0,""price_per_unit"":1.6,""unit"":""100g""}}","[""CEREAL"",""CHICKEN_EGGS"",""GELATIN"",""GLUTEN"",""LACTOSE"",""MEAT"",""MILK"",""SULFITES"",""SULPHURS"",""WHEAT""]",https://tum-dev.github.io/eat-api/#!/de/mensa-arcisstr,2026-06-15
mensa-arcisstr,2026-06-26,0,Pasta mit Tomaten-Frischkäse-Sauce,Pasta,"{""students"":{""base_price"":0,""price_per_unit"":0.9,""unit"":""100g""},""staff"":{""base_price"":0,""price_per_unit"":1.15,""unit"":""100g""},""guests"":{""base_price"":0,""price_per_unit"":1.6,""unit"":""100g""}}","[""CEREAL"",""GLUTEN"",""LACTOSE"",""MILK"",""VEGETARIAN"",""WHEAT""]",https://tum-dev.github.io/eat-api/#!/de/mensa-arcisstr,2026-06-15
mensa-arcisstr,2026-06-26,1,Grüner Erbseneintopf,Studitopf,"{""students"":{""base_price"":0,""price_per_unit"":0.33,""unit"":""100g""},""staff"":{""base_price"":0,""price_per_unit"":1.15,""unit"":""100g""},""guests"":{""base_price"":0,""price_per_unit"":1.6,""unit"":""100g""}}","[""CELERY"",""VEGAN"",""VEGETARIAN""]",https://tum-dev.github.io/eat-api/#!/de/mensa-arcisstr,2026-06-15
mensa-arcisstr,2026-06-26,2,Paella (mit Meeresfrüchten und Hähnchenfleisch),Fisch,"{""students"":{""base_price"":1.0,""price_per_unit"":0.9,""unit"":""100g""},""staff"":{""base_price"":1.0,""price_per_unit"":1.15,""unit"":""100g""},""guests"":{""base_price"":1.0,""price_per_unit"":1.6,""unit"":""100g""}}","[""ANTIOXIDANTS"",""DYESTUFF"",""MEAT"",""MOLLUSCS"",""SHELLFISH"",""SULFITES"",""SULPHURS""]",https://tum-dev.github.io/eat-api/#!/de/mensa-arcisstr,2026-06-15
mensa-arcisstr,2026-06-26,3,Kleine Dampfnudel mit Vanillesauce,Süßspeise,"{""students"":{""base_price"":0,""price_per_unit"":0.9,""unit"":""100g""},""staff"":{""base_price"":0,""price_per_unit"":1.15,""unit"":""100g""},""guests"":{""base_price"":0,""price_per_unit"":1.6,""unit"":""100g""}}","[""CEREAL"",""CHICKEN_EGGS"",""GLUTEN"",""LACTOSE"",""MILK"",""VEGETARIAN"",""WHEAT""]",https://tum-dev.github.io/eat-api/#!/de/mensa-arcisstr,2026-06-15
mensa-arcisstr,2026-06-26,4,Tagessuppe,"Tagessupe, Brot, Obst","{""students"":{""base_price"":1.0,""price_per_unit"":0.9,""unit"":""100g""},""staff"":{""base_price"":1.0,""price_per_unit"":1.15,""unit"":""100g""},""guests"":{""base_price"":1.0,""price_per_unit"":1.6,""unit"":""100g""}}","[""MEAT""]",https://tum-dev.github.io/eat-api/#!/de/mensa-arcisstr,2026-06-15
mensa-garching,2026-06-15,0,"Teigtaschen mit Spargel-Käsefüllung , dazu Kräutersauce",Pasta,"{""students"":{""base_price"":0,""price_per_unit"":0.9,""unit"":""100g""},""staff"":{""base_price"":0,""price_per_unit"":1.15,""unit"":""100g""},""guests"":{""base_price"":0,""price_per_unit"":1.6,""unit"":""100g""}}","[""CEREAL"",""CHICKEN_EGGS"",""GARLIC"",""GLUTEN"",""LACTOSE"",""MILK"",""VEGETARIAN"",""WHEAT""]",https://tum-dev.github.io/eat-api/#!/de/mensa-garching,2026-06-15
mensa-garching,2026-06-15,1,Rindsbratwurst vom Grill (2 Stück),Grill,"{""students"":{""base_price"":0.5,""price_per_unit"":0.9,""unit"":""100g""},""staff"":{""base_price"":0.5,""price_per_unit"":1.15,""unit"":""100g""},""guests"":{""base_price"":0.5,""price_per_unit"":1.6,""unit"":""100g""}}","[""ANTIOXIDANTS"",""BEEF"",""CEREAL"",""GLUTEN"",""MEAT"",""PHOSPHATES"",""PRESERVATIVES"",""WHEAT""]",https://tum-dev.github.io/eat-api/#!/de/mensa-garching,2026-06-15
mensa-garching,2026-06-15,2,Veganes Nasi Goreng mit Sprossen,Wok,"{""students"":{""base_price"":0,""price_per_unit"":0.9,""unit"":""100g""},""staff"":{""base_price"":0,""price_per_unit"":1.15,""unit"":""100g""},""guests"":{""base_price"":0,""price_per_unit"":1.6,""unit"":""100g""}}","[""CELERY"",""CEREAL"",""GLUTEN"",""PRESERVATIVES"",""SOY"",""VEGAN"",""VEGETARIAN"",""WHEAT""]",https://tum-dev.github.io/eat-api/#!/de/mensa-garching,2026-06-15
mensa-garching,2026-06-15,3,Blumenkohl-Kartoffel-Curry,Studitopf,"{""students"":{""base_price"":0,""price_per_unit"":0.33,""unit"":""100g""},""staff"":{""base_price"":0,""price_per_unit"":1.15,""unit"":""100g""},""guests"":{""base_price"":0,""price_per_unit"":1.6,""unit"":""100g""}}","[""CELERY"",""GARLIC"",""VEGAN"",""VEGETARIAN""]",https://tum-dev.github.io/eat-api/#!/de/mensa-garching,2026-06-15
mensa-garching,2026-06-15,4,Hähnchenknusperfilet (1 Stück) mit Mango-Chili-Dip,Fleisch,"{""students"":{""base_price"":1.0,""price_per_unit"":0.9,""unit"":""100g""},""staff"":{""base_price"":1.0,""price_per_unit"":1.15,""unit"":""100g""},""guests"":{""base_price"":1.0,""price_per_unit"":1.6,""unit"":""100g""}}","[""BARLEY"",""CELERY"",""CEREAL"",""CHICKEN_EGGS"",""DYESTUFF"",""GARLIC"",""GLUTEN"",""LACTOSE"",""MEAT"",""MILK"",""MUSTARD"",""PRESERVATIVES"",""SWEETENERS"",""WHEAT""]",https://tum-dev.github.io/eat-api/#!/de/mensa-garching,2026-06-15
mensa-garching,2026-06-15,5,Rougaille (Soja in würziger Tomatensauce),Vegan,"{""students"":{""base_price"":0,""price_per_unit"":0.9,""unit"":""100g""},""staff"":{""base_price"":0,""price_per_unit"":1.15,""unit"":""100g""},""guests"":{""base_price"":0,""price_per_unit"":1.6,""unit"":""100g""}}","[""GARLIC"",""MUSTARD"",""SOY"",""VEGAN"",""VEGETARIAN""]",https://tum-dev.github.io/eat-api/#!/de/mensa-garching,2026-06-15
mensa-garching,2026-06-15,6,Tomaten-Ricottasuppe mit Paprika,"Tagessupe, Brot, Obst","{""students"":{""base_price"":0,""price_per_unit"":0.9,""unit"":""100g""},""staff"":{""base_price"":0,""price_per_unit"":1.15,""unit"":""100g""},""guests"":{""base_price"":0,""price_per_unit"":1.6,""unit"":""100g""}}","[""LACTOSE"",""MILK"",""VEGETARIAN""]",https://tum-dev.github.io/eat-api/#!/de/mensa-garching,2026-06-15
mensa-garching,2026-06-15,7,Weiße Schokoladenmousse mit Himbeeren,Dessert (Glas),"{""students"":{""base_price"":1.0,""price_per_unit"":0.9,""unit"":""100g""},""staff"":{""base_price"":1.0,""price_per_unit"":1.15,""unit"":""100g""},""guests"":{""base_price"":1.0,""price_per_unit"":1.6,""unit"":""100g""}}","[""GELATIN"",""LACTOSE"",""MEAT"",""MILK"",""SOY""]",https://tum-dev.github.io/eat-api/#!/de/mensa-garching,2026-06-15
mensa-garching,2026-06-16,0,Pasta mit mediterraner Gemüsesauce,Pasta,"{""students"":{""base_price"":0,""price_per_unit"":0.9,""unit"":""100g""},""staff"":{""base_price"":0,""price_per_unit"":1.15,""unit"":""100g""},""guests"":{""base_price"":0,""price_per_unit"":1.6,""unit"":""100g""}}","[""CEREAL"",""GLUTEN"",""VEGAN"",""VEGETARIAN"",""WHEAT""]",https://tum-dev.github.io/eat-api/#!/de/mensa-garching,2026-06-15
mensa-garching,2026-06-16,1,Pizza Funghi mit frischen Champignons,Pizza,"{""students"":{""base_price"":4.5,""price_per_unit"":0.0,""unit"":""100g""},""staff"":{""base_price"":5.0,""price_per_unit"":0.0,""unit"":""100g""},""guests"":{""base_price"":6.0,""price_per_unit"":0.0,""unit"":""100g""}}","[""BARLEY"",""CEREAL"",""GLUTEN"",""LACTOSE"",""MILK"",""SOY"",""VEGETARIAN"",""WHEAT""]",https://tum-dev.github.io/eat-api/#!/de/mensa-garching,2026-06-15
mensa-garching,2026-06-16,2,Schweinesteak Strindberg (mit Senf-Zwiebelschmelze) (1 Stück) (S vom Strohschwein),Grill,"{""students"":{""base_price"":1.0,""price_per_unit"":0.9,""unit"":""100g""},""staff"":{""base_price"":1.0,""price_per_unit"":1.15,""unit"":""100g""},""guests"":{""base_price"":1.0,""price_per_unit"":1.6,""unit"":""100g""}}","[""CEREAL"",""CHICKEN_EGGS"",""GLUTEN"",""LACTOSE"",""MEAT"",""MILK"",""MUSTARD"",""WHEAT""]",https://tum-dev.github.io/eat-api/#!/de/mensa-garching,2026-06-15
mensa-garching,2026-06-16,3,Bunte Gemüsepaella,Wok,"{""students"":{""base_price"":0,""price_per_unit"":0.9,""unit"":""100g""},""staff"":{""base_price"":0,""price_per_unit"":1.15,""unit"":""100g""},""guests"":{""base_price"":0,""price_per_unit"":1.6,""unit"":""100g""}}","[""VEGAN"",""VEGETARIAN""]",https://tum-dev.github.io/eat-api/#!/de/mensa-garching,2026-06-15
mensa-garching,2026-06-16,4,"Zartweizen mit Erbsen, Karotten und Mais",Studitopf,"{""students"":{""base_price"":0,""price_per_unit"":0.33,""unit"":""100g""},""staff"":{""base_price"":0,""price_per_unit"":1.15,""unit"":""100g""},""guests"":{""base_price"":0,""price_per_unit"":1.6,""unit"":""100g""}}","[""CELERY"",""CEREAL"",""GLUTEN"",""VEGAN"",""VEGETARIAN"",""WHEAT""]",https://tum-dev.github.io/eat-api/#!/de/mensa-garching,2026-06-15
mensa-garching,2026-06-16,5,Blumenkohlauflauf mit Käsesauce,Vegetarisch/fleischlos,"{""students"":{""base_price"":0,""price_per_unit"":0.9,""unit"":""100g""},""staff"":{""base_price"":0,""price_per_unit"":1.15,""unit"":""100g""},""guests"":{""base_price"":0,""price_per_unit"":1.6,""unit"":""100g""}}","[""ALCOHOL"",""CEREAL"",""CHICKEN_EGGS"",""GLUTEN"",""LACTOSE"",""MILK"",""SULFITES"",""SULPHURS"",""VEGETARIAN"",""WHEAT""]",https://tum-dev.github.io/eat-api/#!/de/mensa-garching,2026-06-15
mensa-garching,2026-06-16,6,Putengulasch mit Paprika,Fleisch,"{""students"":{""base_price"":1.0,""price_per_unit"":0.9,""unit"":""100g""},""staff"":{""base_price"":1.0,""price_per_unit"":1.15,""unit"":""100g""},""guests"":{""base_price"":1.0,""price_per_unit"":1.6,""unit"":""100g""}}","[""CEREAL"",""GLUTEN"",""MEAT"",""WHEAT""]",https://tum-dev.github.io/eat-api/#!/de/mensa-garching,2026-06-15
mensa-garching,2026-06-16,7,Paprikarahmsauce,"Tagessupe, Brot, Obst","{""students"":{""base_price"":0,""price_per_unit"":0.9,""unit"":""100g""},""staff"":{""base_price"":0,""price_per_unit"":1.15,""unit"":""100g""},""guests"":{""base_price"":0,""price_per_unit"":1.6,""unit"":""100g""}}","[""CELERY"",""CEREAL"",""GARLIC"",""GLUTEN"",""LACTOSE"",""MILK"",""VEGETARIAN"",""WHEAT""]",https://tum-dev.github.io/eat-api/#!/de/mensa-garching,2026-06-15
mensa-garching,2026-06-16,8,Kokos-Panna-Cotta mit Heidelbeersauce,Dessert (Glas),"{""students"":{""base_price"":1.0,""price_per_unit"":0.9,""unit"":""100g""},""staff"":{""base_price"":1.0,""price_per_unit"":1.15,""unit"":""100g""},""guests"":{""base_price"":1.0,""price_per_unit"":1.6,""unit"":""100g""}}","[""GELATIN"",""LACTOSE"",""MEAT"",""MILK""]",https://tum-dev.github.io/eat-api/#!/de/mensa-garching,2026-06-15
mensa-garching,2026-06-17,0,Mac & Cheese,Pasta,"{""students"":{""base_price"":0,""price_per_unit"":0.9,""unit"":""100g""},""staff"":{""base_price"":0,""price_per_unit"":1.15,""unit"":""100g""},""guests"":{""base_price"":0,""price_per_unit"":1.6,""unit"":""100g""}}","[""ALCOHOL"",""ANTIOXIDANTS"",""BARLEY"",""CEREAL"",""GLUTEN"",""LACTOSE"",""MILK"",""MUSTARD"",""SOY"",""SULFITES"",""SULPHURS"",""VEGETARIAN"",""WHEAT""]",https://tum-dev.github.io/eat-api/#!/de/mensa-garching,2026-06-15
mensa-garching,2026-06-17,1,Gebratener Räuchertofu mit Gemüse (scharf),Grill,"{""students"":{""base_price"":0,""price_per_unit"":0.9,""unit"":""100g""},""staff"":{""base_price"":0,""price_per_unit"":1.15,""unit"":""100g""},""guests"":{""base_price"":0,""price_per_unit"":1.6,""unit"":""100g""}}","[""CEREAL"",""GLUTEN"",""SOY"",""VEGAN"",""VEGETARIAN"",""WHEAT""]",https://tum-dev.github.io/eat-api/#!/de/mensa-garching,2026-06-15
mensa-garching,2026-06-17,2,Schweinesteak (1 Stück) mit Tomatensalsa,Grill,"{""students"":{""base_price"":1.0,""price_per_unit"":0.9,""unit"":""100g""},""staff"":{""base_price"":1.0,""price_per_unit"":1.15,""unit"":""100g""},""guests"":{""base_price"":1.0,""price_per_unit"":1.6,""unit"":""100g""}}","[""MEAT"",""PORK""]",https://tum-dev.github.io/eat-api/#!/de/mensa-garching,2026-06-15
mensa-garching,2026-06-17,3,Pikante Hirse mit schwarzen Bohnen und Gemüse,Studitopf,"{""students"":{""base_price"":0,""price_per_unit"":0.33,""unit"":""100g""},""staff"":{""base_price"":0,""price_per_unit"":1.15,""unit"":""100g""},""guests"":{""base_price"":0,""price_per_unit"":1.6,""unit"":""100g""}}","[""CELERY"",""PRESERVATIVES"",""VEGAN"",""VEGETARIAN""]",https://tum-dev.github.io/eat-api/#!/de/mensa-garching,2026-06-15
mensa-garching,2026-06-17,4,Quinoa-Grünkern-Strudel mit Sauerrahm-Dip,Vegetarisch/fleischlos,"{""students"":{""base_price"":0,""price_per_unit"":0.9,""unit"":""100g""},""staff"":{""base_price"":0,""price_per_unit"":1.15,""unit"":""100g""},""guests"":{""base_price"":0,""price_per_unit"":1.6,""unit"":""100g""}}","[""BARLEY"",""CELERY"",""CEREAL"",""DYESTUFF"",""GARLIC"",""GLUTEN"",""LACTOSE"",""MILK"",""MUSTARD"",""SOY"",""VEGETARIAN"",""WHEAT""]",https://tum-dev.github.io/eat-api/#!/de/mensa-garching,2026-06-15
mensa-garching,2026-06-17,5,Di Manzo - Rindfleisch in Balsamico,Fleisch,"{""students"":{""base_price"":1.0,""price_per_unit"":0.9,""unit"":""100g""},""staff"":{""base_price"":1.0,""price_per_unit"":1.15,""unit"":""100g""},""guests"":{""base_price"":1.0,""price_per_unit"":1.6,""unit"":""100g""}}","[""BEEF"",""CEREAL"",""DYESTUFF"",""GLUTEN"",""MEAT"",""SULFITES"",""SULPHURS"",""WHEAT""]",https://tum-dev.github.io/eat-api/#!/de/mensa-garching,2026-06-15
mensa-garching,2026-06-17,6,Tagessuppe,"Tagessupe, Brot, Obst","{""students"":{""base_price"":1.0,""price_per_unit"":0.9,""unit"":""100g""},""staff"":{""base_price"":1.0,""price_per_unit"":1.15,""unit"":""100g""},""guests"":{""base_price"":1.0,""price_per_unit"":1.6,""unit"":""100g""}}","[""MEAT""]",https://tum-dev.github.io/eat-api/#!/de/mensa-garching,2026-06-15
mensa-garching,2026-06-17,7,Pudding mit Vanillegeschmack und Brombeeren,Dessert (Glas),"{""students"":{""base_price"":0,""price_per_unit"":0.9,""unit"":""100g""},""staff"":{""base_price"":0,""price_per_unit"":1.15,""unit"":""100g""},""guests"":{""base_price"":0,""price_per_unit"":1.6,""unit"":""100g""}}","[""LACTOSE"",""MILK"",""VEGETARIAN""]",https://tum-dev.github.io/eat-api/#!/de/mensa-garching,2026-06-15
mensa-garching,2026-06-18,0,Spinatspätzlepfanne mit Bergkäse und abgeschmelzten Zwiebeln,Pasta,"{""students"":{""base_price"":1.0,""price_per_unit"":0.9,""unit"":""100g""},""staff"":{""base_price"":1.0,""price_per_unit"":1.15,""unit"":""100g""},""guests"":{""base_price"":1.0,""price_per_unit"":1.6,""unit"":""100g""}}","[""CEREAL"",""CHICKEN_EGGS"",""GLUTEN"",""LACTOSE"",""MEAT"",""MILK"",""WHEAT""]",https://tum-dev.github.io/eat-api/#!/de/mensa-garching,2026-06-15
mensa-garching,2026-06-18,1,Tandoori Chicken (1 Stück) in Joghurtmarinade und Gurken-Minz-Dip,Grill,"{""students"":{""base_price"":1.0,""price_per_unit"":0.9,""unit"":""100g""},""staff"":{""base_price"":1.0,""price_per_unit"":1.15,""unit"":""100g""},""guests"":{""base_price"":1.0,""price_per_unit"":1.6,""unit"":""100g""}}","[""GARLIC"",""LACTOSE"",""MEAT"",""MILK"",""MUSTARD""]",https://tum-dev.github.io/eat-api/#!/de/mensa-garching,2026-06-15
mensa-garching,2026-06-18,2,Asiatisches Wokgemüse,Wok,"{""students"":{""base_price"":0,""price_per_unit"":0.9,""unit"":""100g""},""staff"":{""base_price"":0,""price_per_unit"":1.15,""unit"":""100g""},""guests"":{""base_price"":0,""price_per_unit"":1.6,""unit"":""100g""}}","[""GARLIC"",""SOY"",""VEGAN"",""VEGETARIAN""]",https://tum-dev.github.io/eat-api/#!/de/mensa-garching,2026-06-15
mensa-garching,2026-06-18,3,Italienischer Bohneneintopf,Studitopf,"{""students"":{""base_price"":0,""price_per_unit"":0.33,""unit"":""100g""},""staff"":{""base_price"":0,""price_per_unit"":1.15,""unit"":""100g""},""guests"":{""base_price"":0,""price_per_unit"":1.6,""unit"":""100g""}}","[""CELERY"",""VEGAN"",""VEGETARIAN""]",https://tum-dev.github.io/eat-api/#!/de/mensa-garching,2026-06-15
mensa-garching,2026-06-18,4,Schaschlik (1 Stück) mit Honig-Currysauce,Fleisch,"{""students"":{""base_price"":1.0,""price_per_unit"":0.9,""unit"":""100g""},""staff"":{""base_price"":1.0,""price_per_unit"":1.15,""unit"":""100g""},""guests"":{""base_price"":1.0,""price_per_unit"":1.6,""unit"":""100g""}}","[""CELERY"",""MEAT"",""MUSTARD"",""PORK"",""SWEETENERS""]",https://tum-dev.github.io/eat-api/#!/de/mensa-garching,2026-06-15
mensa-garching,2026-06-18,5,Veganes Tomatenragout mit Falafel,Vegan,"{""students"":{""base_price"":0,""price_per_unit"":0.9,""unit"":""100g""},""staff"":{""base_price"":0,""price_per_unit"":1.15,""unit"":""100g""},""guests"":{""base_price"":0,""price_per_unit"":1.6,""unit"":""100g""}}","[""CEREAL"",""GARLIC"",""GLUTEN"",""MUSTARD"",""VEGAN"",""VEGETARIAN"",""WHEAT""]",https://tum-dev.github.io/eat-api/#!/de/mensa-garching,2026-06-15
mensa-garching,2026-06-18,6,Tagessuppe,"Tagessupe, Brot, Obst","{""students"":{""base_price"":1.0,""price_per_unit"":0.9,""unit"":""100g""},""staff"":{""base_price"":1.0,""price_per_unit"":1.15,""unit"":""100g""},""guests"":{""base_price"":1.0,""price_per_unit"":1.6,""unit"":""100g""}}","[""MEAT""]",https://tum-dev.github.io/eat-api/#!/de/mensa-garching,2026-06-15
mensa-garching,2026-06-18,7,Schokopudding mit Sahne,Dessert (Glas),"{""students"":{""base_price"":0,""price_per_unit"":0.9,""unit"":""100g""},""staff"":{""base_price"":0,""price_per_unit"":1.15,""unit"":""100g""},""guests"":{""base_price"":0,""price_per_unit"":1.6,""unit"":""100g""}}","[""LACTOSE"",""MILK"",""VEGETARIAN""]",https://tum-dev.github.io/eat-api/#!/de/mensa-garching,2026-06-15
mensa-garching,2026-06-19,0,Pasta mit Gorgonzola-Walnuss-Sauce,Pasta,"{""students"":{""base_price"":1.0,""price_per_unit"":0.9,""unit"":""100g""},""staff"":{""base_price"":1.0,""price_per_unit"":1.15,""unit"":""100g""},""guests"":{""base_price"":1.0,""price_per_unit"":1.6,""unit"":""100g""}}","[""CEREAL"",""GLUTEN"",""LACTOSE"",""MEAT"",""MILK"",""SHELLFISH"",""SHELL_FRUITS"",""WALNUTS"",""WHEAT""]",https://tum-dev.github.io/eat-api/#!/de/mensa-garching,2026-06-15
mensa-garching,2026-06-19,1,Scharfe Chunks (aus Erbsenprotein) mit Mais (scharf),Wok,"{""students"":{""base_price"":0,""price_per_unit"":0.9,""unit"":""100g""},""staff"":{""base_price"":0,""price_per_unit"":1.15,""unit"":""100g""},""guests"":{""base_price"":0,""price_per_unit"":1.6,""unit"":""100g""}}","[""CEREAL"",""GLUTEN"",""SOY"",""VEGAN"",""VEGETARIAN"",""WHEAT""]",https://tum-dev.github.io/eat-api/#!/de/mensa-garching,2026-06-15
mensa-garching,2026-06-19,2,Kokos-Pilz-Topf mit Glasnudeln,Studitopf,"{""students"":{""base_price"":0,""price_per_unit"":0.33,""unit"":""100g""},""staff"":{""base_price"":0,""price_per_unit"":1.15,""unit"":""100g""},""guests"":{""base_price"":0,""price_per_unit"":1.6,""unit"":""100g""}}","[""MUSTARD"",""PRESERVATIVES"",""VEGAN"",""VEGETARIAN""]",https://tum-dev.github.io/eat-api/#!/de/mensa-garching,2026-06-15
mensa-garching,2026-06-19,3,Forelle Müllerin Art (1 Stück) mit Mandelbutter oder Zitronensauce,Fisch,"{""students"":{""base_price"":1.5,""price_per_unit"":0.9,""unit"":""100g""},""staff"":{""base_price"":1.5,""price_per_unit"":1.15,""unit"":""100g""},""guests"":{""base_price"":1.5,""price_per_unit"":1.6,""unit"":""100g""}}","[""ALMONDS"",""CEREAL"",""FISH"",""GLUTEN"",""LACTOSE"",""MILK"",""SHELLFISH"",""SHELL_FRUITS"",""WHEAT""]",https://tum-dev.github.io/eat-api/#!/de/mensa-garching,2026-06-15
mensa-garching,2026-06-19,4,Milchreis mit Zimtzucker mit Apfelmus,Süßspeise,"{""students"":{""base_price"":0,""price_per_unit"":0.9,""unit"":""100g""},""staff"":{""base_price"":0,""price_per_unit"":1.15,""unit"":""100g""},""guests"":{""base_price"":0,""price_per_unit"":1.6,""unit"":""100g""}}","[""ANTIOXIDANTS"",""LACTOSE"",""MILK"",""VEGETARIAN""]",https://tum-dev.github.io/eat-api/#!/de/mensa-garching,2026-06-15
mensa-garching,2026-06-19,5,Tagessuppe,"Tagessupe, Brot, Obst","{""students"":{""base_price"":1.0,""price_per_unit"":0.9,""unit"":""100g""},""staff"":{""base_price"":1.0,""price_per_unit"":1.15,""unit"":""100g""},""guests"":{""base_price"":1.0,""price_per_unit"":1.6,""unit"":""100g""}}","[""MEAT""]",https://tum-dev.github.io/eat-api/#!/de/mensa-garching,2026-06-15
mensa-garching,2026-06-19,6,Vanillecreme mit Erdbeeren,Dessert (Glas),"{""students"":{""base_price"":0,""price_per_unit"":0.9,""unit"":""100g""},""staff"":{""base_price"":0,""price_per_unit"":1.15,""unit"":""100g""},""guests"":{""base_price"":0,""price_per_unit"":1.6,""unit"":""100g""}}","[""LACTOSE"",""MILK"",""VEGETARIAN""]",https://tum-dev.github.io/eat-api/#!/de/mensa-garching,2026-06-15
mensa-garching,2026-06-22,0,Tortellini (Käsefüllung) mit Käse-Sahne-Sauce,Pasta,"{""students"":{""base_price"":0,""price_per_unit"":0.9,""unit"":""100g""},""staff"":{""base_price"":0,""price_per_unit"":1.15,""unit"":""100g""},""guests"":{""base_price"":0,""price_per_unit"":1.6,""unit"":""100g""}}","[""CEREAL"",""CHICKEN_EGGS"",""GARLIC"",""GLUTEN"",""LACTOSE"",""MILK"",""VEGETARIAN"",""WHEAT""]",https://tum-dev.github.io/eat-api/#!/de/mensa-garching,2026-06-15
mensa-garching,2026-06-22,1,Currywurst mit Honig-Ingwer-Ketchup (1 Stück),Grill,"{""students"":{""base_price"":0.5,""price_per_unit"":0.9,""unit"":""100g""},""staff"":{""base_price"":0.5,""price_per_unit"":1.15,""unit"":""100g""},""guests"":{""base_price"":0.5,""price_per_unit"":1.6,""unit"":""100g""}}","[""BEEF"",""CELERY"",""MEAT"",""MUSTARD"",""PHOSPHATES"",""PORK"",""SWEETENERS""]",https://tum-dev.github.io/eat-api/#!/de/mensa-garching,2026-06-15
mensa-garching,2026-06-22,2,Buntes Gemüsecurry mit Linsen,Wok,"{""students"":{""base_price"":0,""price_per_unit"":0.9,""unit"":""100g""},""staff"":{""base_price"":0,""price_per_unit"":1.15,""unit"":""100g""},""guests"":{""base_price"":0,""price_per_unit"":1.6,""unit"":""100g""}}","[""CEREAL"",""GARLIC"",""GLUTEN"",""PRESERVATIVES"",""SOY"",""VEGAN"",""VEGETARIAN"",""WHEAT""]",https://tum-dev.github.io/eat-api/#!/de/mensa-garching,2026-06-15
mensa-garching,2026-06-22,3,Kartoffeleintopf mit Kichererbsen,Studitopf,"{""students"":{""base_price"":0,""price_per_unit"":0.33,""unit"":""100g""},""staff"":{""base_price"":0,""price_per_unit"":1.15,""unit"":""100g""},""guests"":{""base_price"":0,""price_per_unit"":1.6,""unit"":""100g""}}","[""VEGAN"",""VEGETARIAN""]",https://tum-dev.github.io/eat-api/#!/de/mensa-garching,2026-06-15
mensa-garching,2026-06-22,4,Mexikanisches Chili sin carne mit Sojaschnetzel,Vegetarisch/fleischlos,"{""students"":{""base_price"":0,""price_per_unit"":0.9,""unit"":""100g""},""staff"":{""base_price"":0,""price_per_unit"":1.15,""unit"":""100g""},""guests"":{""base_price"":0,""price_per_unit"":1.6,""unit"":""100g""}}","[""SOY"",""VEGAN"",""VEGETARIAN""]",https://tum-dev.github.io/eat-api/#!/de/mensa-garching,2026-06-15
mensa-garching,2026-06-22,5,Chili con Carne,Fleisch,"{""students"":{""base_price"":1.0,""price_per_unit"":0.9,""unit"":""100g""},""staff"":{""base_price"":1.0,""price_per_unit"":1.15,""unit"":""100g""},""guests"":{""base_price"":1.0,""price_per_unit"":1.6,""unit"":""100g""}}","[""BEEF"",""CELERY"",""CEREAL"",""GLUTEN"",""LACTOSE"",""MEAT"",""MILK"",""WHEAT""]",https://tum-dev.github.io/eat-api/#!/de/mensa-garching,2026-06-15
mensa-garching,2026-06-22,6,Tagessuppe,"Tagessupe, Brot, Obst","{""students"":{""base_price"":1.0,""price_per_unit"":0.9,""unit"":""100g""},""staff"":{""base_price"":1.0,""price_per_unit"":1.15,""unit"":""100g""},""guests"":{""base_price"":1.0,""price_per_unit"":1.6,""unit"":""100g""}}","[""MEAT""]",https://tum-dev.github.io/eat-api/#!/de/mensa-garching,2026-06-15
mensa-garching,2026-06-22,7,Vanillesahnequark,Dessert (Glas),"{""students"":{""base_price"":0,""price_per_unit"":0.9,""unit"":""100g""},""staff"":{""base_price"":0,""price_per_unit"":1.15,""unit"":""100g""},""guests"":{""base_price"":0,""price_per_unit"":1.6,""unit"":""100g""}}","[""LACTOSE"",""MILK"",""VEGETARIAN""]",https://tum-dev.github.io/eat-api/#!/de/mensa-garching,2026-06-15
mensa-garching,2026-06-23,0,Pasta Verdura,Pasta,"{""students"":{""base_price"":0,""price_per_unit"":0.9,""unit"":""100g""},""staff"":{""base_price"":0,""price_per_unit"":1.15,""unit"":""100g""},""guests"":{""base_price"":0,""price_per_unit"":1.6,""unit"":""100g""}}","[""CEREAL"",""GLUTEN"",""VEGAN"",""VEGETARIAN"",""WHEAT""]",https://tum-dev.github.io/eat-api/#!/de/mensa-garching,2026-06-15
mensa-garching,2026-06-23,1,Pfannengyros vom Schwein (S vom Strohschwein) mit Tsatsiki,Grill,"{""students"":{""base_price"":1.0,""price_per_unit"":0.9,""unit"":""100g""},""staff"":{""base_price"":1.0,""price_per_unit"":1.15,""unit"":""100g""},""guests"":{""base_price"":1.0,""price_per_unit"":1.6,""unit"":""100g""}}","[""ANTIOXIDANTS"",""DYESTUFF"",""GARLIC"",""LACTOSE"",""MEAT"",""MILK"",""SULFITES"",""SULPHURS""]",https://tum-dev.github.io/eat-api/#!/de/mensa-garching,2026-06-15
mensa-garching,2026-06-23,2,"Reistopf mit Kidneybohnen, Paprika und Mais",Studitopf,"{""students"":{""base_price"":0,""price_per_unit"":0.33,""unit"":""100g""},""staff"":{""base_price"":0,""price_per_unit"":1.15,""unit"":""100g""},""guests"":{""base_price"":0,""price_per_unit"":1.6,""unit"":""100g""}}","[""VEGAN"",""VEGETARIAN""]",https://tum-dev.github.io/eat-api/#!/de/mensa-garching,2026-06-15
mensa-garching,2026-06-23,3,Tomate-Mozzarella-Strudel mit Basilikumdip,Vegetarisch/fleischlos,"{""students"":{""base_price"":0,""price_per_unit"":0.9,""unit"":""100g""},""staff"":{""base_price"":0,""price_per_unit"":1.15,""unit"":""100g""},""guests"":{""base_price"":0,""price_per_unit"":1.6,""unit"":""100g""}}","[""BARLEY"",""CEREAL"",""GARLIC"",""GLUTEN"",""LACTOSE"",""MILK"",""RYE"",""VEGETARIAN"",""WHEAT""]",https://tum-dev.github.io/eat-api/#!/de/mensa-garching,2026-06-15
mensa-garching,2026-06-23,4,Köfte (3 Stück) mit Gurken-Minz-Joghurt-Dip,Fleisch,"{""students"":{""base_price"":1.0,""price_per_unit"":0.9,""unit"":""100g""},""staff"":{""base_price"":1.0,""price_per_unit"":1.15,""unit"":""100g""},""guests"":{""base_price"":1.0,""price_per_unit"":1.6,""unit"":""100g""}}","[""BEEF"",""CEREAL"",""GARLIC"",""GLUTEN"",""LACTOSE"",""MEAT"",""MILK"",""WHEAT""]",https://tum-dev.github.io/eat-api/#!/de/mensa-garching,2026-06-15
mensa-garching,2026-06-23,5,"Mini-Germknödel mit Kirschfüllung, dazu Vanillesauce",Süßspeise,"{""students"":{""base_price"":0,""price_per_unit"":0.9,""unit"":""100g""},""staff"":{""base_price"":0,""price_per_unit"":1.15,""unit"":""100g""},""guests"":{""base_price"":0,""price_per_unit"":1.6,""unit"":""100g""}}","[""CEREAL"",""CHICKEN_EGGS"",""GLUTEN"",""LACTOSE"",""MILK"",""VEGETARIAN"",""WHEAT""]",https://tum-dev.github.io/eat-api/#!/de/mensa-garching,2026-06-15
mensa-garching,2026-06-23,6,Tagessuppe,"Tagessupe, Brot, Obst","{""students"":{""base_price"":1.0,""price_per_unit"":0.9,""unit"":""100g""},""staff"":{""base_price"":1.0,""price_per_unit"":1.15,""unit"":""100g""},""guests"":{""base_price"":1.0,""price_per_unit"":1.6,""unit"":""100g""}}","[""MEAT""]",https://tum-dev.github.io/eat-api/#!/de/mensa-garching,2026-06-15
mensa-garching,2026-06-23,7,Tiramisu,Dessert (Glas),"{""students"":{""base_price"":1.0,""price_per_unit"":0.9,""unit"":""100g""},""staff"":{""base_price"":1.0,""price_per_unit"":1.15,""unit"":""100g""},""guests"":{""base_price"":1.0,""price_per_unit"":1.6,""unit"":""100g""}}","[""ALCOHOL"",""CEREAL"",""CHICKEN_EGGS"",""GELATIN"",""GLUTEN"",""LACTOSE"",""MEAT"",""MILK"",""SULFITES"",""SULPHURS"",""WHEAT""]",https://tum-dev.github.io/eat-api/#!/de/mensa-garching,2026-06-15
mensa-garching,2026-06-24,0,"Pasta mit Spargel, Lauch und Chili (scharf) , dazu Hartkäse",Pasta,"{""students"":{""base_price"":0,""price_per_unit"":0.9,""unit"":""100g""},""staff"":{""base_price"":0,""price_per_unit"":1.15,""unit"":""100g""},""guests"":{""base_price"":0,""price_per_unit"":1.6,""unit"":""100g""}}","[""CEREAL"",""GLUTEN"",""LACTOSE"",""MILK"",""VEGAN"",""VEGETARIAN"",""WHEAT""]",https://tum-dev.github.io/eat-api/#!/de/mensa-garching,2026-06-15
mensa-garching,2026-06-24,1,Gegrillte Zucchini mit Tomaten-Paprika-Ragout,Grill,"{""students"":{""base_price"":0,""price_per_unit"":0.9,""unit"":""100g""},""staff"":{""base_price"":0,""price_per_unit"":1.15,""unit"":""100g""},""guests"":{""base_price"":0,""price_per_unit"":1.6,""unit"":""100g""}}","[""VEGAN"",""VEGETARIAN""]",https://tum-dev.github.io/eat-api/#!/de/mensa-garching,2026-06-15
mensa-garching,2026-06-24,2,Champignonreistopf,Studitopf,"{""students"":{""base_price"":0,""price_per_unit"":0.33,""unit"":""100g""},""staff"":{""base_price"":0,""price_per_unit"":1.15,""unit"":""100g""},""guests"":{""base_price"":0,""price_per_unit"":1.6,""unit"":""100g""}}","[""CELERY"",""VEGAN"",""VEGETARIAN""]",https://tum-dev.github.io/eat-api/#!/de/mensa-garching,2026-06-15
mensa-garching,2026-06-24,3,Spinatknödel mit Bergkäsesauce,Vegetarisch/fleischlos,"{""students"":{""base_price"":1.0,""price_per_unit"":0.9,""unit"":""100g""},""staff"":{""base_price"":1.0,""price_per_unit"":1.15,""unit"":""100g""},""guests"":{""base_price"":1.0,""price_per_unit"":1.6,""unit"":""100g""}}","[""ALCOHOL"",""CEREAL"",""CHICKEN_EGGS"",""GLUTEN"",""LACTOSE"",""MEAT"",""MILK"",""SULFITES"",""SULPHURS"",""WHEAT""]",https://tum-dev.github.io/eat-api/#!/de/mensa-garching,2026-06-15
mensa-garching,2026-06-24,4,Andalusisches Rinderragout,Fleisch,"{""students"":{""base_price"":1.0,""price_per_unit"":0.9,""unit"":""100g""},""staff"":{""base_price"":1.0,""price_per_unit"":1.15,""unit"":""100g""},""guests"":{""base_price"":1.0,""price_per_unit"":1.6,""unit"":""100g""}}","[""ALCOHOL"",""BEEF"",""CEREAL"",""GLUTEN"",""MEAT"",""SULFITES"",""SULPHURS"",""WHEAT""]",https://tum-dev.github.io/eat-api/#!/de/mensa-garching,2026-06-15
mensa-garching,2026-06-24,5,"Fisch (Seelachs, 6 Stück) and chips mit Sauce Tartare",Fisch,"{""students"":{""base_price"":1.5,""price_per_unit"":0.9,""unit"":""100g""},""staff"":{""base_price"":1.5,""price_per_unit"":1.15,""unit"":""100g""},""guests"":{""base_price"":1.5,""price_per_unit"":1.6,""unit"":""100g""}}","[""BARLEY"",""CELERY"",""CEREAL"",""CHICKEN_EGGS"",""DYESTUFF"",""FISH"",""GARLIC"",""GLUTEN"",""LACTOSE"",""MILK"",""MUSTARD"",""SWEETENERS"",""WHEAT""]",https://tum-dev.github.io/eat-api/#!/de/mensa-garching,2026-06-15
mensa-garching,2026-06-24,6,Tagessuppe,"Tagessupe, Brot, Obst","{""students"":{""base_price"":1.0,""price_per_unit"":0.9,""unit"":""100g""},""staff"":{""base_price"":1.0,""price_per_unit"":1.15,""unit"":""100g""},""guests"":{""base_price"":1.0,""price_per_unit"":1.6,""unit"":""100g""}}","[""MEAT""]",https://tum-dev.github.io/eat-api/#!/de/mensa-garching,2026-06-15
mensa-garching,2026-06-24,7,Veganes Mousse au Chocolat,Dessert (Glas),"{""students"":{""base_price"":0,""price_per_unit"":0.9,""unit"":""100g""},""staff"":{""base_price"":0,""price_per_unit"":1.15,""unit"":""100g""},""guests"":{""base_price"":0,""price_per_unit"":1.6,""unit"":""100g""}}","[""CEREAL"",""GLUTEN"",""OAT"",""SOY"",""VEGAN"",""VEGETARIAN""]",https://tum-dev.github.io/eat-api/#!/de/mensa-garching,2026-06-15
mensa-garching,2026-06-25,0,Gemüselasagne,Pasta,"{""students"":{""base_price"":0,""price_per_unit"":0.9,""unit"":""100g""},""staff"":{""base_price"":0,""price_per_unit"":1.15,""unit"":""100g""},""guests"":{""base_price"":0,""price_per_unit"":1.6,""unit"":""100g""}}","[""CELERY"",""CEREAL"",""GLUTEN"",""LACTOSE"",""MILK"",""VEGETARIAN"",""WHEAT""]",https://tum-dev.github.io/eat-api/#!/de/mensa-garching,2026-06-15
mensa-garching,2026-06-25,1,"Putensteak (1 Stück) mit Chimichuri aus Koriander, Tomate und Petersilie",Grill,"{""students"":{""base_price"":1.0,""price_per_unit"":0.9,""unit"":""100g""},""staff"":{""base_price"":1.0,""price_per_unit"":1.15,""unit"":""100g""},""guests"":{""base_price"":1.0,""price_per_unit"":1.6,""unit"":""100g""}}","[""MEAT""]",https://tum-dev.github.io/eat-api/#!/de/mensa-garching,2026-06-15
mensa-garching,2026-06-25,2,Couscous mit Zitrone und Zucchini,Studitopf,"{""students"":{""base_price"":0,""price_per_unit"":0.33,""unit"":""100g""},""staff"":{""base_price"":0,""price_per_unit"":1.15,""unit"":""100g""},""guests"":{""base_price"":0,""price_per_unit"":1.6,""unit"":""100g""}}","[""CEREAL"",""GLUTEN"",""VEGAN"",""VEGETARIAN"",""WHEAT""]",https://tum-dev.github.io/eat-api/#!/de/mensa-garching,2026-06-15
mensa-garching,2026-06-25,3,Gemüseköttbullar (10 Stück) mit Schnittlauchdip,Vegetarisch/fleischlos,"{""students"":{""base_price"":0,""price_per_unit"":0.9,""unit"":""100g""},""staff"":{""base_price"":0,""price_per_unit"":1.15,""unit"":""100g""},""guests"":{""base_price"":0,""price_per_unit"":1.6,""unit"":""100g""}}","[""CHICKEN_EGGS"",""LACTOSE"",""MILK"",""VEGETARIAN""]",https://tum-dev.github.io/eat-api/#!/de/mensa-garching,2026-06-15
mensa-garching,2026-06-25,4,Kartoffeltortilla mit mediterranem Gemüse und Paprikasauce,Vegetarisch/fleischlos,"{""students"":{""base_price"":0,""price_per_unit"":0.9,""unit"":""100g""},""staff"":{""base_price"":0,""price_per_unit"":1.15,""unit"":""100g""},""guests"":{""base_price"":0,""price_per_unit"":1.6,""unit"":""100g""}}","[""CEREAL"",""CHICKEN_EGGS"",""GLUTEN"",""LACTOSE"",""MILK"",""PRESERVATIVES"",""VEGETARIAN"",""WHEAT""]",https://tum-dev.github.io/eat-api/#!/de/mensa-garching,2026-06-15
mensa-garching,2026-06-25,5,Gulasch vom Schwein (S vom Strohschwein),Fleisch,"{""students"":{""base_price"":1.0,""price_per_unit"":0.9,""unit"":""100g""},""staff"":{""base_price"":1.0,""price_per_unit"":1.15,""unit"":""100g""},""guests"":{""base_price"":1.0,""price_per_unit"":1.6,""unit"":""100g""}}","[""CEREAL"",""GLUTEN"",""MEAT"",""WHEAT""]",https://tum-dev.github.io/eat-api/#!/de/mensa-garching,2026-06-15
mensa-garching,2026-06-25,6,Tagessuppe,"Tagessupe, Brot, Obst","{""students"":{""base_price"":1.0,""price_per_unit"":0.9,""unit"":""100g""},""staff"":{""base_price"":1.0,""price_per_unit"":1.15,""unit"":""100g""},""guests"":{""base_price"":1.0,""price_per_unit"":1.6,""unit"":""100g""}}","[""MEAT""]",https://tum-dev.github.io/eat-api/#!/de/mensa-garching,2026-06-15
mensa-garching,2026-06-25,7,Panna Cotta mit Himbeeren,Dessert (Glas),"{""students"":{""base_price"":1.0,""price_per_unit"":0.9,""unit"":""100g""},""staff"":{""base_price"":1.0,""price_per_unit"":1.15,""unit"":""100g""},""guests"":{""base_price"":1.0,""price_per_unit"":1.6,""unit"":""100g""}}","[""GELATIN"",""LACTOSE"",""MEAT"",""MILK""]",https://tum-dev.github.io/eat-api/#!/de/mensa-garching,2026-06-15
mensa-garching,2026-06-26,0,Pasta mit Tomaten-Frischkäse-Sauce,Pasta,"{""students"":{""base_price"":0,""price_per_unit"":0.9,""unit"":""100g""},""staff"":{""base_price"":0,""price_per_unit"":1.15,""unit"":""100g""},""guests"":{""base_price"":0,""price_per_unit"":1.6,""unit"":""100g""}}","[""CEREAL"",""GLUTEN"",""LACTOSE"",""MILK"",""VEGETARIAN"",""WHEAT""]",https://tum-dev.github.io/eat-api/#!/de/mensa-garching,2026-06-15
mensa-garching,2026-06-26,1,Grüner Erbseneintopf,Studitopf,"{""students"":{""base_price"":0,""price_per_unit"":0.33,""unit"":""100g""},""staff"":{""base_price"":0,""price_per_unit"":1.15,""unit"":""100g""},""guests"":{""base_price"":0,""price_per_unit"":1.6,""unit"":""100g""}}","[""CELERY"",""VEGAN"",""VEGETARIAN""]",https://tum-dev.github.io/eat-api/#!/de/mensa-garching,2026-06-15
mensa-garching,2026-06-26,2,Seelachsfilet (1 Stück) nach Müllerin Art mit Dillrahmsauce,Fisch,"{""students"":{""base_price"":1.5,""price_per_unit"":0.9,""unit"":""100g""},""staff"":{""base_price"":1.5,""price_per_unit"":1.15,""unit"":""100g""},""guests"":{""base_price"":1.5,""price_per_unit"":1.6,""unit"":""100g""}}","[""BARLEY"",""CELERY"",""CEREAL"",""DYESTUFF"",""FISH"",""GLUTEN"",""LACTOSE"",""MILK"",""MUSTARD"",""WHEAT""]",https://tum-dev.github.io/eat-api/#!/de/mensa-garching,2026-06-15
mensa-garching,2026-06-26,3,Paella (mit Meeresfrüchten und Hähnchenfleisch),Fisch,"{""students"":{""base_price"":1.0,""price_per_unit"":0.9,""unit"":""100g""},""staff"":{""base_price"":1.0,""price_per_unit"":1.15,""unit"":""100g""},""guests"":{""base_price"":1.0,""price_per_unit"":1.6,""unit"":""100g""}}","[""DYESTUFF"",""MEAT"",""MOLLUSCS"",""SHELLFISH""]",https://tum-dev.github.io/eat-api/#!/de/mensa-garching,2026-06-15
mensa-garching,2026-06-26,4,Kleine Dampfnudel mit Vanillesauce,Süßspeise,"{""students"":{""base_price"":0,""price_per_unit"":0.9,""unit"":""100g""},""staff"":{""base_price"":0,""price_per_unit"":1.15,""unit"":""100g""},""guests"":{""base_price"":0,""price_per_unit"":1.6,""unit"":""100g""}}","[""CEREAL"",""CHICKEN_EGGS"",""GLUTEN"",""LACTOSE"",""MILK"",""VEGETARIAN"",""WHEAT""]",https://tum-dev.github.io/eat-api/#!/de/mensa-garching,2026-06-15
mensa-garching,2026-06-26,5,Tagessuppe,"Tagessupe, Brot, Obst","{""students"":{""base_price"":1.0,""price_per_unit"":0.9,""unit"":""100g""},""staff"":{""base_price"":1.0,""price_per_unit"":1.15,""unit"":""100g""},""guests"":{""base_price"":1.0,""price_per_unit"":1.6,""unit"":""100g""}}","[""MEAT""]",https://tum-dev.github.io/eat-api/#!/de/mensa-garching,2026-06-15
mensa-garching,2026-06-26,6,Vanillecreme mit Sauerkirschen,Dessert (Glas),"{""students"":{""base_price"":0,""price_per_unit"":0.9,""unit"":""100g""},""staff"":{""base_price"":0,""price_per_unit"":1.15,""unit"":""100g""},""guests"":{""base_price"":0,""price_per_unit"":1.6,""unit"":""100g""}}","[""LACTOSE"",""MILK"",""VEGETARIAN""]",https://tum-dev.github.io/eat-api/#!/de/mensa-garching,2026-06-15
mensa-weihenstephan,2026-06-15,0,Blumenkohl-Kartoffel-Curry,StudiTopf,"{""students"":{""base_price"":1.0,""price_per_unit"":null,""unit"":null},""staff"":{""base_price"":2.9,""price_per_unit"":null,""unit"":null},""guests"":{""base_price"":3.9,""price_per_unit"":null,""unit"":null}}","[""CELERY"",""GARLIC"",""VEGAN"",""VEGETARIAN""]",https://tum-dev.github.io/eat-api/#!/de/mensa-weihenstephan,2026-06-15
mensa-weihenstephan,2026-06-15,1,Apfelstrudel mit Vanillesauce,Gericht 1,"{""students"":{""base_price"":2.95,""price_per_unit"":null,""unit"":null},""staff"":{""base_price"":3.9,""price_per_unit"":null,""unit"":null},""guests"":{""base_price"":5.1,""price_per_unit"":null,""unit"":null}}","[""CEREAL"",""GLUTEN"",""LACTOSE"",""MILK"",""VEGETARIAN"",""WHEAT""]",https://tum-dev.github.io/eat-api/#!/de/mensa-weihenstephan,2026-06-15
mensa-weihenstephan,2026-06-15,2,Rougaille (Soja in würziger Tomatensauce),Gericht 2,"{""students"":{""base_price"":3.35,""price_per_unit"":null,""unit"":null},""staff"":{""base_price"":4.6,""price_per_unit"":null,""unit"":null},""guests"":{""base_price"":5.9,""price_per_unit"":null,""unit"":null}}","[""GARLIC"",""MUSTARD"",""SOY"",""VEGAN"",""VEGETARIAN""]",https://tum-dev.github.io/eat-api/#!/de/mensa-weihenstephan,2026-06-15
mensa-weihenstephan,2026-06-15,3,"Teigtaschen mit Spargel-Käsefüllung , dazu Kräutersauce",Gericht 2,"{""students"":{""base_price"":3.35,""price_per_unit"":null,""unit"":null},""staff"":{""base_price"":4.6,""price_per_unit"":null,""unit"":null},""guests"":{""base_price"":5.9,""price_per_unit"":null,""unit"":null}}","[""CEREAL"",""CHICKEN_EGGS"",""GARLIC"",""GLUTEN"",""LACTOSE"",""MILK"",""VEGETARIAN"",""WHEAT""]",https://tum-dev.github.io/eat-api/#!/de/mensa-weihenstephan,2026-06-15
mensa-weihenstephan,2026-06-15,4,Hähnchenknusperfilet mit Mango-Chili-Dip,Gericht 3,"{""students"":{""base_price"":3.65,""price_per_unit"":null,""unit"":null},""staff"":{""base_price"":4.95,""price_per_unit"":null,""unit"":null},""guests"":{""base_price"":6.3,""price_per_unit"":null,""unit"":null}}","[""BARLEY"",""CELERY"",""CEREAL"",""CHICKEN_EGGS"",""DYESTUFF"",""GLUTEN"",""LACTOSE"",""MEAT"",""MILK"",""MUSTARD"",""PRESERVATIVES"",""SWEETENERS"",""WHEAT""]",https://tum-dev.github.io/eat-api/#!/de/mensa-weihenstephan,2026-06-15
mensa-weihenstephan,2026-06-16,0,"Zartweizen mit Erbsen, Karotten und Mais",StudiTopf,"{""students"":{""base_price"":1.0,""price_per_unit"":null,""unit"":null},""staff"":{""base_price"":2.9,""price_per_unit"":null,""unit"":null},""guests"":{""base_price"":3.9,""price_per_unit"":null,""unit"":null}}","[""CELERY"",""CEREAL"",""GLUTEN"",""VEGAN"",""VEGETARIAN"",""WHEAT""]",https://tum-dev.github.io/eat-api/#!/de/mensa-weihenstephan,2026-06-15
mensa-weihenstephan,2026-06-16,1,Hähnchenknusperfilet mit Mango-Chili-Dip,Gericht 2,"{""students"":{""base_price"":3.35,""price_per_unit"":null,""unit"":null},""staff"":{""base_price"":4.6,""price_per_unit"":null,""unit"":null},""guests"":{""base_price"":5.9,""price_per_unit"":null,""unit"":null}}","[""BARLEY"",""CELERY"",""CEREAL"",""CHICKEN_EGGS"",""DYESTUFF"",""GLUTEN"",""LACTOSE"",""MEAT"",""MILK"",""MUSTARD"",""PRESERVATIVES"",""SWEETENERS"",""WHEAT""]",https://tum-dev.github.io/eat-api/#!/de/mensa-weihenstephan,2026-06-15
mensa-weihenstephan,2026-06-16,2,Pasta mit mediterraner Gemüsesauce,Gericht 2,"{""students"":{""base_price"":3.35,""price_per_unit"":null,""unit"":null},""staff"":{""base_price"":4.6,""price_per_unit"":null,""unit"":null},""guests"":{""base_price"":5.9,""price_per_unit"":null,""unit"":null}}","[""CEREAL"",""GLUTEN"",""VEGAN"",""VEGETARIAN"",""WHEAT""]",https://tum-dev.github.io/eat-api/#!/de/mensa-weihenstephan,2026-06-15
mensa-weihenstephan,2026-06-16,3,Bunte Gemüsepaella,Gericht 2,"{""students"":{""base_price"":3.35,""price_per_unit"":null,""unit"":null},""staff"":{""base_price"":4.6,""price_per_unit"":null,""unit"":null},""guests"":{""base_price"":5.9,""price_per_unit"":null,""unit"":null}}","[""VEGAN"",""VEGETARIAN""]",https://tum-dev.github.io/eat-api/#!/de/mensa-weihenstephan,2026-06-15
mensa-weihenstephan,2026-06-16,4,Putengulasch mit Paprika,Gericht 3,"{""students"":{""base_price"":3.65,""price_per_unit"":null,""unit"":null},""staff"":{""base_price"":4.95,""price_per_unit"":null,""unit"":null},""guests"":{""base_price"":6.3,""price_per_unit"":null,""unit"":null}}","[""CEREAL"",""GLUTEN"",""MEAT"",""WHEAT""]",https://tum-dev.github.io/eat-api/#!/de/mensa-weihenstephan,2026-06-15
mensa-weihenstephan,2026-06-17,0,Pikante Hirse mit schwarzen Bohnen und Gemüse,StudiTopf,"{""students"":{""base_price"":1.0,""price_per_unit"":null,""unit"":null},""staff"":{""base_price"":2.9,""price_per_unit"":null,""unit"":null},""guests"":{""base_price"":3.9,""price_per_unit"":null,""unit"":null}}","[""CELERY"",""PRESERVATIVES"",""VEGAN"",""VEGETARIAN""]",https://tum-dev.github.io/eat-api/#!/de/mensa-weihenstephan,2026-06-15
mensa-weihenstephan,2026-06-17,1,Mac & Cheese,Gericht 1,"{""students"":{""base_price"":2.95,""price_per_unit"":null,""unit"":null},""staff"":{""base_price"":3.9,""price_per_unit"":null,""unit"":null},""guests"":{""base_price"":5.1,""price_per_unit"":null,""unit"":null}}","[""ALCOHOL"",""ANTIOXIDANTS"",""BARLEY"",""CEREAL"",""GLUTEN"",""LACTOSE"",""MILK"",""MUSTARD"",""SOY"",""SULFITES"",""SULPHURS"",""VEGETARIAN"",""WHEAT""]",https://tum-dev.github.io/eat-api/#!/de/mensa-weihenstephan,2026-06-15
mensa-weihenstephan,2026-06-17,2,Quinoa-Grünkern-Strudel mit Sauerrahm-Dip,Gericht 2,"{""students"":{""base_price"":3.35,""price_per_unit"":null,""unit"":null},""staff"":{""base_price"":4.6,""price_per_unit"":null,""unit"":null},""guests"":{""base_price"":5.9,""price_per_unit"":null,""unit"":null}}","[""BARLEY"",""CELERY"",""CEREAL"",""DYESTUFF"",""GARLIC"",""GLUTEN"",""LACTOSE"",""MILK"",""MUSTARD"",""SOY"",""VEGETARIAN"",""WHEAT""]",https://tum-dev.github.io/eat-api/#!/de/mensa-weihenstephan,2026-06-15
mensa-weihenstephan,2026-06-17,3,Di Manzo - Rindfleisch in Balsamico,Gericht 4,"{""students"":{""base_price"":4.15,""price_per_unit"":null,""unit"":null},""staff"":{""base_price"":5.3,""price_per_unit"":null,""unit"":null},""guests"":{""base_price"":6.7,""price_per_unit"":null,""unit"":null}}","[""BEEF"",""CEREAL"",""DYESTUFF"",""GLUTEN"",""MEAT"",""SULFITES"",""SULPHURS"",""WHEAT""]",https://tum-dev.github.io/eat-api/#!/de/mensa-weihenstephan,2026-06-15
mensa-weihenstephan,2026-06-18,0,Italienischer Bohneneintopf,StudiTopf,"{""students"":{""base_price"":1.0,""price_per_unit"":null,""unit"":null},""staff"":{""base_price"":2.9,""price_per_unit"":null,""unit"":null},""guests"":{""base_price"":3.9,""price_per_unit"":null,""unit"":null}}","[""CELERY"",""VEGAN"",""VEGETARIAN""]",https://tum-dev.github.io/eat-api/#!/de/mensa-weihenstephan,2026-06-15
mensa-weihenstephan,2026-06-18,1,Veganes Tomatenragout mit Falafel,Gericht 2,"{""students"":{""base_price"":3.35,""price_per_unit"":null,""unit"":null},""staff"":{""base_price"":4.6,""price_per_unit"":null,""unit"":null},""guests"":{""base_price"":5.9,""price_per_unit"":null,""unit"":null}}","[""CEREAL"",""GARLIC"",""GLUTEN"",""MUSTARD"",""VEGAN"",""VEGETARIAN"",""WHEAT""]",https://tum-dev.github.io/eat-api/#!/de/mensa-weihenstephan,2026-06-15
mensa-weihenstephan,2026-06-18,2,Spinatspätzlepfanne mit Bergkäse und abgeschmelzten Zwiebeln,Gericht 2,"{""students"":{""base_price"":3.35,""price_per_unit"":null,""unit"":null},""staff"":{""base_price"":4.6,""price_per_unit"":null,""unit"":null},""guests"":{""base_price"":5.9,""price_per_unit"":null,""unit"":null}}","[""CEREAL"",""CHICKEN_EGGS"",""GLUTEN"",""LACTOSE"",""MEAT"",""MILK"",""WHEAT""]",https://tum-dev.github.io/eat-api/#!/de/mensa-weihenstephan,2026-06-15
mensa-weihenstephan,2026-06-18,3,Tandoori Chicken in Joghurtmarinade und Gurken-Minz-Dip,Gericht 4,"{""students"":{""base_price"":4.15,""price_per_unit"":null,""unit"":null},""staff"":{""base_price"":5.3,""price_per_unit"":null,""unit"":null},""guests"":{""base_price"":6.7,""price_per_unit"":null,""unit"":null}}","[""GARLIC"",""LACTOSE"",""MEAT"",""MILK"",""MUSTARD""]",https://tum-dev.github.io/eat-api/#!/de/mensa-weihenstephan,2026-06-15
mensa-weihenstephan,2026-06-19,0,Kokos-Pilz-Topf mit Glasnudeln,StudiTopf,"{""students"":{""base_price"":1.0,""price_per_unit"":null,""unit"":null},""staff"":{""base_price"":2.9,""price_per_unit"":null,""unit"":null},""guests"":{""base_price"":3.9,""price_per_unit"":null,""unit"":null}}","[""MUSTARD"",""PRESERVATIVES"",""VEGAN"",""VEGETARIAN""]",https://tum-dev.github.io/eat-api/#!/de/mensa-weihenstephan,2026-06-15
mensa-weihenstephan,2026-06-19,1,Milchreis mit Zimtzucker mit Apfelmus,Gericht 1,"{""students"":{""base_price"":2.95,""price_per_unit"":null,""unit"":null},""staff"":{""base_price"":3.9,""price_per_unit"":null,""unit"":null},""guests"":{""base_price"":5.1,""price_per_unit"":null,""unit"":null}}","[""ANTIOXIDANTS"",""LACTOSE"",""MILK"",""VEGETARIAN""]",https://tum-dev.github.io/eat-api/#!/de/mensa-weihenstephan,2026-06-15
mensa-weihenstephan,2026-06-19,2,Forelle Müllerin Art (1 Stück) mit Mandelbutter oder Zitronensauce,Gericht 4,"{""students"":{""base_price"":4.15,""price_per_unit"":null,""unit"":null},""staff"":{""base_price"":5.3,""price_per_unit"":null,""unit"":null},""guests"":{""base_price"":6.7,""price_per_unit"":null,""unit"":null}}","[""ALMONDS"",""CEREAL"",""FISH"",""GLUTEN"",""LACTOSE"",""MILK"",""SHELLFISH"",""SHELL_FRUITS"",""WHEAT""]",https://tum-dev.github.io/eat-api/#!/de/mensa-weihenstephan,2026-06-15
mensa-weihenstephan,2026-06-22,0,Kartoffeleintopf mit Kichererbsen,StudiTopf,"{""students"":{""base_price"":1.0,""price_per_unit"":null,""unit"":null},""staff"":{""base_price"":2.9,""price_per_unit"":null,""unit"":null},""guests"":{""base_price"":3.9,""price_per_unit"":null,""unit"":null}}","[""VEGAN"",""VEGETARIAN""]",https://tum-dev.github.io/eat-api/#!/de/mensa-weihenstephan,2026-06-15
mensa-weihenstephan,2026-06-22,1,Currywurst mit Honig-Ingwer-Ketchup (1 Stück),Gericht 1,"{""students"":{""base_price"":2.95,""price_per_unit"":null,""unit"":null},""staff"":{""base_price"":3.9,""price_per_unit"":null,""unit"":null},""guests"":{""base_price"":5.1,""price_per_unit"":null,""unit"":null}}","[""BEEF"",""CELERY"",""MEAT"",""MUSTARD"",""PHOSPHATES"",""PORK"",""SWEETENERS""]",https://tum-dev.github.io/eat-api/#!/de/mensa-weihenstephan,2026-06-15
mensa-weihenstephan,2026-06-22,2,Mexikanisches Chili sin carne mit Sojaschnetzel,Gericht 1,"{""students"":{""base_price"":2.95,""price_per_unit"":null,""unit"":null},""staff"":{""base_price"":3.9,""price_per_unit"":null,""unit"":null},""guests"":{""base_price"":5.1,""price_per_unit"":null,""unit"":null}}","[""SOY"",""VEGAN"",""VEGETARIAN""]",https://tum-dev.github.io/eat-api/#!/de/mensa-weihenstephan,2026-06-15
mensa-weihenstephan,2026-06-22,3,Tortellini (Käsefüllung) mit Käse-Sahne-Sauce,Gericht 2,"{""students"":{""base_price"":3.35,""price_per_unit"":null,""unit"":null},""staff"":{""base_price"":4.6,""price_per_unit"":null,""unit"":null},""guests"":{""base_price"":5.9,""price_per_unit"":null,""unit"":null}}","[""CEREAL"",""CHICKEN_EGGS"",""GARLIC"",""GLUTEN"",""LACTOSE"",""MILK"",""VEGETARIAN"",""WHEAT""]",https://tum-dev.github.io/eat-api/#!/de/mensa-weihenstephan,2026-06-15
mensa-weihenstephan,2026-06-23,0,"Afrikanischer Eintopf aus Kidneybohnen, Erdnussbutter und Kokosmilch",StudiTopf,"{""students"":{""base_price"":1.0,""price_per_unit"":null,""unit"":null},""staff"":{""base_price"":2.9,""price_per_unit"":null,""unit"":null},""guests"":{""base_price"":3.9,""price_per_unit"":null,""unit"":null}}","[""PEANUTS"",""VEGAN"",""VEGETARIAN""]",https://tum-dev.github.io/eat-api/#!/de/mensa-weihenstephan,2026-06-15
mensa-weihenstephan,2026-06-23,1,Pasta Verdura,Gericht 1,"{""students"":{""base_price"":2.95,""price_per_unit"":null,""unit"":null},""staff"":{""base_price"":3.9,""price_per_unit"":null,""unit"":null},""guests"":{""base_price"":5.1,""price_per_unit"":null,""unit"":null}}","[""CEREAL"",""GLUTEN"",""VEGAN"",""VEGETARIAN"",""WHEAT""]",https://tum-dev.github.io/eat-api/#!/de/mensa-weihenstephan,2026-06-15
mensa-weihenstephan,2026-06-23,2,Köfte (3 Stück) mit Gurken-Minz-Joghurt-Dip,Gericht 3,"{""students"":{""base_price"":3.65,""price_per_unit"":null,""unit"":null},""staff"":{""base_price"":4.95,""price_per_unit"":null,""unit"":null},""guests"":{""base_price"":6.3,""price_per_unit"":null,""unit"":null}}","[""BEEF"",""CEREAL"",""GARLIC"",""GLUTEN"",""LACTOSE"",""MEAT"",""MILK"",""WHEAT""]",https://tum-dev.github.io/eat-api/#!/de/mensa-weihenstephan,2026-06-15
mensa-weihenstephan,2026-06-23,3,Tomate-Mozzarella-Strudel mit Basilikumdip,Gericht 3,"{""students"":{""base_price"":3.65,""price_per_unit"":null,""unit"":null},""staff"":{""base_price"":4.95,""price_per_unit"":null,""unit"":null},""guests"":{""base_price"":6.3,""price_per_unit"":null,""unit"":null}}","[""BARLEY"",""CEREAL"",""GARLIC"",""GLUTEN"",""LACTOSE"",""MILK"",""RYE"",""VEGETARIAN"",""WHEAT""]",https://tum-dev.github.io/eat-api/#!/de/mensa-weihenstephan,2026-06-15
mensa-weihenstephan,2026-06-24,0,Champignonreistopf,StudiTopf,"{""students"":{""base_price"":1.0,""price_per_unit"":null,""unit"":null},""staff"":{""base_price"":2.9,""price_per_unit"":null,""unit"":null},""guests"":{""base_price"":3.9,""price_per_unit"":null,""unit"":null}}","[""CELERY"",""VEGAN"",""VEGETARIAN""]",https://tum-dev.github.io/eat-api/#!/de/mensa-weihenstephan,2026-06-15
mensa-weihenstephan,2026-06-24,1,Spinatknödel Tiroler Art mit Bergkäse und Tomatensauce,Gericht 2,"{""students"":{""base_price"":3.35,""price_per_unit"":null,""unit"":null},""staff"":{""base_price"":4.6,""price_per_unit"":null,""unit"":null},""guests"":{""base_price"":5.9,""price_per_unit"":null,""unit"":null}}","[""CEREAL"",""CHICKEN_EGGS"",""GLUTEN"",""LACTOSE"",""MEAT"",""MILK"",""WHEAT""]",https://tum-dev.github.io/eat-api/#!/de/mensa-weihenstephan,2026-06-15
mensa-weihenstephan,2026-06-24,2,"Pasta mit Spargel, Lauch und Chili (scharf) , dazu Hartkäse",Gericht 2,"{""students"":{""base_price"":3.35,""price_per_unit"":null,""unit"":null},""staff"":{""base_price"":4.6,""price_per_unit"":null,""unit"":null},""guests"":{""base_price"":5.9,""price_per_unit"":null,""unit"":null}}","[""CEREAL"",""GLUTEN"",""LACTOSE"",""MILK"",""VEGAN"",""VEGETARIAN"",""WHEAT""]",https://tum-dev.github.io/eat-api/#!/de/mensa-weihenstephan,2026-06-15
mensa-weihenstephan,2026-06-24,3,Andalusisches Rinderragout,Gericht 4,"{""students"":{""base_price"":4.15,""price_per_unit"":null,""unit"":null},""staff"":{""base_price"":5.3,""price_per_unit"":null,""unit"":null},""guests"":{""base_price"":6.7,""price_per_unit"":null,""unit"":null}}","[""ALCOHOL"",""BEEF"",""CEREAL"",""GLUTEN"",""MEAT"",""SULFITES"",""SULPHURS"",""WHEAT""]",https://tum-dev.github.io/eat-api/#!/de/mensa-weihenstephan,2026-06-15
mensa-weihenstephan,2026-06-25,0,Bulgur orientalisch mit Kichererbsen und Spinat,StudiTopf,"{""students"":{""base_price"":1.0,""price_per_unit"":null,""unit"":null},""staff"":{""base_price"":2.9,""price_per_unit"":null,""unit"":null},""guests"":{""base_price"":3.9,""price_per_unit"":null,""unit"":null}}","[""CEREAL"",""GLUTEN"",""VEGAN"",""VEGETARIAN"",""WHEAT""]",https://tum-dev.github.io/eat-api/#!/de/mensa-weihenstephan,2026-06-15
mensa-weihenstephan,2026-06-25,1,Schweinebraten mit Biersauce (S vom Strohschwein),Gericht 3,"{""students"":{""base_price"":3.65,""price_per_unit"":null,""unit"":null},""staff"":{""base_price"":4.95,""price_per_unit"":null,""unit"":null},""guests"":{""base_price"":6.3,""price_per_unit"":null,""unit"":null}}","[""ALCOHOL"",""CEREAL"",""GLUTEN"",""MEAT"",""WHEAT""]",https://tum-dev.github.io/eat-api/#!/de/mensa-weihenstephan,2026-06-15
mensa-weihenstephan,2026-06-25,2,Kartoffeltortilla mit mediterranem Gemüse und Paprikasauce,Gericht 3,"{""students"":{""base_price"":3.65,""price_per_unit"":null,""unit"":null},""staff"":{""base_price"":4.95,""price_per_unit"":null,""unit"":null},""guests"":{""base_price"":6.3,""price_per_unit"":null,""unit"":null}}","[""CEREAL"",""CHICKEN_EGGS"",""GLUTEN"",""LACTOSE"",""MILK"",""PRESERVATIVES"",""VEGETARIAN"",""WHEAT""]",https://tum-dev.github.io/eat-api/#!/de/mensa-weihenstephan,2026-06-15
mensa-weihenstephan,2026-06-25,3,Gemüseköttbullar (10 Stück) mit Schnittlauchdip,Gericht 3,"{""students"":{""base_price"":3.65,""price_per_unit"":null,""unit"":null},""staff"":{""base_price"":4.95,""price_per_unit"":null,""unit"":null},""guests"":{""base_price"":6.3,""price_per_unit"":null,""unit"":null}}","[""CHICKEN_EGGS"",""LACTOSE"",""MILK"",""VEGETARIAN""]",https://tum-dev.github.io/eat-api/#!/de/mensa-weihenstephan,2026-06-15
mensa-weihenstephan,2026-06-26,0,Grüner Erbseneintopf,StudiTopf,"{""students"":{""base_price"":1.0,""price_per_unit"":null,""unit"":null},""staff"":{""base_price"":2.9,""price_per_unit"":null,""unit"":null},""guests"":{""base_price"":3.9,""price_per_unit"":null,""unit"":null}}","[""CELERY"",""VEGAN"",""VEGETARIAN""]",https://tum-dev.github.io/eat-api/#!/de/mensa-weihenstephan,2026-06-15
mensa-weihenstephan,2026-06-26,1,Dampfnudel mit Vanillesauce,Gericht 2,"{""students"":{""base_price"":3.35,""price_per_unit"":null,""unit"":null},""staff"":{""base_price"":4.6,""price_per_unit"":null,""unit"":null},""guests"":{""base_price"":5.9,""price_per_unit"":null,""unit"":null}}","[""CEREAL"",""CHICKEN_EGGS"",""GLUTEN"",""LACTOSE"",""MILK"",""VEGETARIAN"",""WHEAT""]",https://tum-dev.github.io/eat-api/#!/de/mensa-weihenstephan,2026-06-15
mensa-weihenstephan,2026-06-26,2,Grüner Erbseneintopf mit ein Paar Wiener,Gericht 2,"{""students"":{""base_price"":3.35,""price_per_unit"":null,""unit"":null},""staff"":{""base_price"":4.6,""price_per_unit"":null,""unit"":null},""guests"":{""base_price"":5.9,""price_per_unit"":null,""unit"":null}}","[""ANTIOXIDANTS"",""BEEF"",""CELERY"",""MEAT"",""PHOSPHATES"",""PORK"",""PRESERVATIVES""]",https://tum-dev.github.io/eat-api/#!/de/mensa-weihenstephan,2026-06-15
mensa-weihenstephan,2026-06-26,3,Seelachsfilet nach Müllerin Art mit Dillrahmsauce,Gericht 4,"{""students"":{""base_price"":4.15,""price_per_unit"":null,""unit"":null},""staff"":{""base_price"":5.3,""price_per_unit"":null,""unit"":null},""guests"":{""base_price"":6.7,""price_per_unit"":null,""unit"":null}}","[""BARLEY"",""CELERY"",""CEREAL"",""DYESTUFF"",""FISH"",""GLUTEN"",""LACTOSE"",""MILK"",""MUSTARD"",""WHEAT""]",https://tum-dev.github.io/eat-api/#!/de/mensa-weihenstephan,2026-06-15
